2,opera,png,undefined,594.6,11.5,1614,403
7,opera,jpeg,undefined,296.8,11.4,319,105.3
12,opera,avif,undefined,316.2,11.5,317,133.2
17,opera,webp,undefined,304.1,12.7,281,117
22,opera,png,undefined,226.6,9.7,2147,44.6
27,opera,jpeg,undefined,315.2,12.7,396,138.6
32,opera,avif,undefined,206.2,10.3,392,31
37,opera,webp,undefined,221.2,11.5,367,35.7
42,opera,png,undefined,204.2,10.1,2573,26.7
47,opera,jpeg,undefined,219.9,10.5,430,34
52,opera,avif,undefined,322.2,11.6,373,124.9
57,opera,webp,undefined,321.9,10.1,364,126.6
62,opera,png,undefined,332.9,10.9,2163,145.9
67,opera,jpeg,undefined,247.7,9.3,442,35.4
72,opera,avif,undefined,312.4,8.3,364,128.9
77,opera,webp,undefined,294.7,11.3,335,113
82,opera,png,undefined,211.4,11.6,2706,37
87,opera,jpeg,undefined,354.4,11.3,412,154.2
92,opera,avif,undefined,308.2,10.3,420,131.7
97,opera,webp,undefined,208.2,7.7,386,33
102,opera,png,undefined,226.1,11.3,2169,28
106,opera,jpeg,undefined,535.2,9.7,436,343.9
111,opera,avif,undefined,491.9,11.7,439,269.5
116,opera,webp,undefined,202.2,10.9,368,34
121,opera,png,undefined,312,11.8,2126,120.8
126,opera,jpeg,undefined,248.9,11.3,364,38.3
131,opera,avif,undefined,445.4,8.7,353,266.3
136,opera,webp,undefined,329.7,12.3,339,137.8
141,opera,png,undefined,327.5,10.9,2040,147.5
145,opera,jpeg,undefined,339.2,10,410,154.3
150,opera,avif,undefined,203.4,9.8,344,25.5
155,opera,webp,undefined,290.6,9.6,339,99.5
160,opera,png,undefined,254.6,11.6,2245,32.2
165,opera,jpeg,undefined,322.5,11.2,502,139.6
170,opera,avif,undefined,312.7,7.6,358,137.2
175,opera,webp,undefined,215.1,9.9,383,16.4
180,opera,png,undefined,317.8,7.8,1927,140.1
185,opera,jpeg,undefined,230.4,9.8,395,44.3
190,opera,avif,undefined,328.4,10,345,135.6
195,opera,webp,undefined,229,12,330,44.9
200,opera,png,undefined,326.2,10.9,2216,144.3
205,opera,jpeg,undefined,270.5,10.1,358,59.9
210,opera,avif,undefined,332.1,10.6,417,146.5
215,opera,webp,undefined,305,10.1,334,122.6
220,opera,png,undefined,236,8.1,2367,54.3
225,opera,jpeg,undefined,244,12.1,436,53.2
229,opera,avif,undefined,319,9.2,428,124.3
234,opera,webp,undefined,230.7,10.4,408,31.8
239,opera,png,undefined,315.6,10,2053,135.7
244,opera,jpeg,undefined,453.2,13.4,381,266.3
249,opera,avif,undefined,218.7,8.7,372,38.1
254,opera,webp,undefined,227.9,11.9,343,41.6
259,opera,png,undefined,228.5,11.2,1613,44.5
264,opera,jpeg,undefined,220.4,10,336,31.7
269,opera,avif,undefined,212.5,11.3,298,32.2
274,opera,webp,undefined,327.9,10.3,279,130.8
279,opera,png,undefined,223.3,10.8,1684,17.6
284,opera,jpeg,undefined,312.3,7.2,336,130.6
289,opera,avif,undefined,333.5,7.4,333,119
294,opera,webp,undefined,227.1,8.7,316,46.6
299,opera,png,undefined,238.6,9,2214,38.6
304,opera,jpeg,undefined,338.1,10.3,428,139
309,opera,avif,undefined,227.7,8.8,446,15
314,opera,webp,undefined,334.5,11,369,145.9
323,opera,jpeg,undefined,232.4,11.9,472,25.5
328,opera,avif,undefined,229.2,8.2,531,51.4
333,opera,webp,undefined,255.6,7.9,424,69.8
338,opera,png,undefined,240,12.4,2031,44.8
343,opera,jpeg,undefined,327.6,9,342,125.1
348,opera,avif,undefined,318.6,10,338,132.4
353,opera,webp,undefined,228.2,9.7,307,30.8
358,opera,png,undefined,328,9.9,1743,126.6
363,opera,jpeg,undefined,200.4,8.1,343,14.6
368,opera,avif,undefined,335.6,10,312,147.7
373,opera,webp,undefined,343.5,10,295,142.9
378,opera,png,undefined,298.2,10.2,1586,110.9
383,opera,jpeg,undefined,266.8,10.7,329,80.3
388,opera,avif,undefined,230.9,9.4,306,45.4
393,opera,webp,undefined,447.7,7.4,306,266
398,opera,png,undefined,242.3,9.6,2097,55.1
403,opera,jpeg,undefined,227.7,9.5,418,32.1
408,opera,avif,undefined,226,11.2,385,33.7
413,opera,webp,undefined,238.8,9.6,336,63.4
418,opera,png,undefined,396,11.3,1953,201.8
423,opera,jpeg,undefined,266.8,10.3,395,89.7
428,opera,avif,undefined,213.4,9.5,347,27.3
433,opera,webp,undefined,88.2,undefined,329,148.9
438,opera,png,undefined,86.7,undefined,2085,92.5
443,opera,jpeg,undefined,86.3,undefined,381,91.2
448,opera,avif,undefined,124.6,undefined,318,225.3
453,opera,webp,undefined,88.3,undefined,315,183.8
458,opera,png,undefined,85.4,undefined,2084,179.7
463,opera,jpeg,undefined,83.6,undefined,330,76.2
468,opera,avif,undefined,82.3,undefined,271,83.9
473,opera,webp,undefined,80.7,undefined,270,88
478,opera,png,undefined,78.2,undefined,1997,81
483,opera,jpeg,undefined,103.3,undefined,328,88.8
488,opera,avif,undefined,107.8,undefined,305,88.1
493,opera,webp,undefined,85.8,undefined,280,80.4
498,opera,png,undefined,92,undefined,1598,91.2
503,opera,jpeg,undefined,90.1,undefined,362,98.5
508,opera,avif,undefined,90.2,undefined,386,88.9
513,opera,webp,undefined,102.1,undefined,373,217.7
518,opera,png,undefined,84.6,undefined,1903,93.7
523,opera,jpeg,undefined,87.2,undefined,406,77.1
528,opera,avif,undefined,98.3,undefined,358,164.6
533,opera,webp,undefined,77.6,undefined,340,77.4
538,opera,png,undefined,117.4,undefined,1673,99.1
543,opera,jpeg,undefined,78.3,undefined,312,61.3
548,opera,avif,undefined,81.8,undefined,281,93.6
553,opera,webp,undefined,85.8,undefined,261,71.9
557,opera,png,undefined,88.4,undefined,1915,65.1
562,opera,jpeg,undefined,91,undefined,326,87.9
567,opera,avif,undefined,104.2,undefined,344,79.5
572,opera,webp,undefined,83,undefined,298,67.7
577,opera,png,undefined,104.7,undefined,2099,67
582,opera,jpeg,undefined,86.3,undefined,350,171.1
587,opera,avif,undefined,101.3,undefined,327,80.1
592,opera,webp,undefined,116.4,undefined,287,68.8
597,opera,png,undefined,88.5,undefined,1947,96.9
602,opera,jpeg,undefined,99.5,undefined,322,297.4
607,opera,avif,undefined,114.1,undefined,342,197.7
612,opera,webp,undefined,84.5,undefined,290,85.7
617,opera,png,undefined,100.3,undefined,2173,93.8
620,opera,jpeg,undefined,96.4,undefined,414,80.6
625,opera,avif,undefined,98.1,undefined,372,85.8
630,opera,webp,undefined,85.6,undefined,358,191.1
635,opera,png,undefined,101.5,undefined,1885,196.1
640,opera,jpeg,undefined,90.4,undefined,321,186.3
645,opera,avif,undefined,82.2,undefined,312,178.6
650,opera,webp,undefined,90.5,undefined,281,93.8
655,opera,png,undefined,74.7,undefined,1584,201.2
660,opera,jpeg,undefined,90.6,undefined,274,176.6
665,opera,avif,undefined,88.7,undefined,264,74.3
670,opera,webp,undefined,92.1,undefined,240,101.9
675,opera,png,undefined,115.9,undefined,3377,93.5
679,opera,jpeg,undefined,92.8,undefined,444,68.7
684,opera,avif,undefined,134.8,undefined,424,93.4
689,opera,webp,undefined,118.4,undefined,364,84.8
694,opera,png,undefined,89.2,undefined,1548,86.1
699,opera,jpeg,undefined,93.5,undefined,277,136
704,opera,avif,undefined,90.9,undefined,247,65.2
709,opera,webp,undefined,65.1,undefined,222,76.3
714,opera,png,undefined,73.4,undefined,2141,99.7
719,opera,jpeg,undefined,104.8,undefined,364,82.3
724,opera,avif,undefined,106.5,undefined,330,25.2
729,opera,webp,undefined,106.8,undefined,308,62.9
734,opera,png,undefined,114,undefined,2681,86
738,opera,jpeg,undefined,112.9,undefined,385,200.9
743,opera,avif,undefined,93.7,undefined,359,70
748,opera,webp,undefined,101.8,undefined,335,195
753,opera,png,undefined,126.8,undefined,1782,102.8
758,opera,jpeg,undefined,101.9,undefined,315,70.4
763,opera,avif,undefined,97.1,undefined,269,84.9
768,opera,webp,undefined,99.7,undefined,254,81.2
773,opera,png,undefined,95.1,undefined,1439,79.9
778,opera,jpeg,undefined,96.1,undefined,276,73.3
783,opera,avif,undefined,89.9,undefined,245,90.3
788,opera,webp,undefined,104.1,undefined,221,30.3
793,opera,png,undefined,110.2,undefined,1766,101.5
798,opera,jpeg,undefined,127.6,undefined,343,187
803,opera,avif,undefined,101.8,undefined,347,17.4
808,opera,webp,undefined,114.8,undefined,273,70.9
813,opera,png,undefined,108.2,undefined,1598,86
818,opera,jpeg,undefined,106.2,undefined,332,168.8
823,opera,avif,undefined,101.1,undefined,293,74.2
828,opera,webp,undefined,102.2,undefined,279,84.1
833,opera,png,undefined,108.7,undefined,2250,74.3
838,opera,jpeg,undefined,101.7,undefined,390,97.1
843,opera,avif,undefined,126.2,undefined,387,87.7
848,opera,webp,undefined,88.5,undefined,411,23
853,opera,png,undefined,117.4,undefined,1912,301.2
858,opera,jpeg,undefined,108.3,undefined,398,84.3
863,opera,avif,undefined,102.9,undefined,318,120.1
868,opera,webp,undefined,111.5,undefined,327,92.4
873,opera,png,undefined,98.3,undefined,2135,101.8
877,opera,jpeg,undefined,98.1,undefined,357,89.1
882,opera,avif,undefined,104.7,undefined,322,85.3
887,opera,webp,undefined,137.5,undefined,287,80.9
892,opera,png,undefined,110.6,undefined,1842,99.8
897,opera,jpeg,undefined,102.5,undefined,341,104.3
902,opera,avif,undefined,108,undefined,291,69.9
907,opera,webp,undefined,105.4,undefined,260,69.4
912,opera,png,undefined,131.2,undefined,1657,76.4
916,opera,jpeg,undefined,98,undefined,287,57.9
921,opera,avif,undefined,98.7,undefined,337,94.8
926,opera,webp,undefined,106.1,undefined,274,179.7
931,opera,png,undefined,105.9,undefined,1658,89.3
936,opera,jpeg,undefined,99.9,undefined,326,180.8
941,opera,avif,undefined,101.2,undefined,281,82.2
946,opera,webp,undefined,100.4,undefined,280,93.9
951,opera,png,undefined,110.4,undefined,2112,30.7
956,opera,jpeg,undefined,122.1,undefined,367,67.5
961,opera,avif,undefined,94.8,undefined,318,75.5
966,opera,webp,undefined,111.3,undefined,297,79
971,opera,png,undefined,99.6,undefined,2118,82.5
976,opera,jpeg,undefined,95.4,undefined,355,24.2
981,opera,avif,undefined,134.7,undefined,333,88.6
986,opera,webp,undefined,109.7,undefined,291,97.8
991,opera,png,undefined,106.7,undefined,1885,83.8
996,opera,jpeg,undefined,90.6,undefined,356,75.8
1001,opera,avif,undefined,108.5,undefined,315,196.7
1006,opera,webp,undefined,78.6,undefined,290,82.8
1011,opera,png,undefined,93.5,undefined,2092,42.7
1016,opera,jpeg,undefined,98.3,undefined,392,70.9
1021,opera,avif,undefined,133.5,undefined,547,209.2
1026,opera,webp,undefined,132.6,undefined,364,320.5
1031,opera,png,undefined,139,undefined,2198,24.1
1035,opera,jpeg,undefined,100.4,undefined,406,87.6
1040,opera,avif,undefined,106.4,undefined,405,100.7
1045,opera,webp,undefined,108,undefined,333,86.3
1050,opera,png,undefined,126.2,undefined,2325,93.8
1055,opera,jpeg,undefined,104.9,undefined,398,78.1
1060,opera,avif,undefined,105.4,undefined,338,80.1
1065,opera,webp,undefined,106.2,undefined,337,82.4
1070,opera,png,undefined,131.7,undefined,2228,411.6
1075,opera,jpeg,undefined,106.2,undefined,369,186.4
1080,opera,avif,undefined,102.2,undefined,316,175.1
1085,opera,webp,undefined,102,undefined,290,91.9
1090,opera,png,undefined,95,undefined,1869,82.3
1095,opera,jpeg,undefined,104.6,undefined,365,100.4
1100,opera,avif,undefined,110.6,undefined,327,79.3
1105,opera,webp,undefined,108.8,undefined,300,79
1110,opera,png,undefined,113.8,undefined,2051,91
1115,opera,jpeg,undefined,102.8,undefined,391,196.5
1120,opera,avif,undefined,129.7,undefined,321,68.4
1125,opera,webp,undefined,108.9,undefined,338,283
1130,opera,png,undefined,109,undefined,1674,101.1
1135,opera,jpeg,undefined,107,undefined,327,82.1
1140,opera,avif,undefined,111.7,undefined,281,55.6
1145,opera,webp,undefined,99.9,undefined,251,288.5
1150,opera,png,undefined,131,undefined,2154,397.7
1155,opera,jpeg,undefined,107,undefined,369,81.2
1160,opera,avif,undefined,109.6,undefined,336,95.3
1165,opera,webp,undefined,107.4,undefined,306,69.8
1170,opera,png,undefined,108,undefined,1867,83.5
1175,opera,jpeg,undefined,113.1,undefined,309,82.5
1180,opera,avif,undefined,104.4,undefined,287,193.5
1185,opera,webp,undefined,131.3,undefined,249,73.1
1190,opera,png,undefined,138.8,undefined,2251,88.6
1194,opera,jpeg,undefined,104.3,undefined,464,68.7
1199,opera,avif,undefined,107.2,undefined,361,89.9
1204,opera,webp,undefined,101.1,undefined,348,95.8
1209,opera,png,undefined,114.8,undefined,1573,381.2
1214,opera,jpeg,undefined,103.6,undefined,323,162.5
1219,opera,avif,undefined,101.3,undefined,274,69
1224,opera,webp,undefined,110.3,undefined,251,176.6
1229,opera,png,undefined,112.2,undefined,2136,396.9
1234,opera,jpeg,undefined,96.8,undefined,400,80.8
1238,opera,avif,undefined,121.7,undefined,425,88.6
1243,opera,webp,undefined,119.8,undefined,344,114.1
1248,opera,png,undefined,134.5,undefined,2050,92.1
1253,opera,jpeg,undefined,98.1,undefined,343,200.5
1258,opera,avif,undefined,115.3,undefined,322,82.6
1263,opera,webp,undefined,115.2,undefined,311,72
1267,opera,png,undefined,100,undefined,2865,304.5
1272,opera,jpeg,undefined,74.6,undefined,368,55.5
1277,opera,avif,undefined,105.3,undefined,375,76.1
1282,opera,webp,undefined,112.7,undefined,347,89.9
1287,opera,png,undefined,149.9,undefined,1955,200.8
1292,opera,jpeg,undefined,102,undefined,322,75.1
1297,opera,avif,undefined,101.2,undefined,280,70.7
1302,opera,webp,undefined,106.1,undefined,258,95.1
1307,opera,png,undefined,106.8,undefined,1598,188.7
1312,opera,jpeg,undefined,98.2,undefined,258,83.4
1317,opera,avif,undefined,110.2,undefined,257,82.2
1322,opera,webp,undefined,104.5,undefined,217,73
1327,opera,png,undefined,108.7,undefined,1444,78.2
1332,opera,jpeg,undefined,110.6,undefined,275,65.9
1337,opera,avif,undefined,113,undefined,269,63.4
1342,opera,webp,undefined,109.7,undefined,236,85.6
1347,opera,png,undefined,132.5,undefined,2083,76.8
1352,opera,jpeg,undefined,112.5,undefined,369,73.3
1357,opera,avif,undefined,133.6,undefined,316,83.2
1362,opera,webp,undefined,109.2,undefined,313,63.3
1367,opera,png,undefined,135.7,undefined,2011,76.9
1372,opera,jpeg,undefined,115.1,undefined,386,96.1
1377,opera,avif,undefined,119.7,undefined,304,84.7
1382,opera,webp,undefined,119.9,undefined,305,79.5
1387,opera,png,undefined,118.1,undefined,1801,81.2
1392,opera,jpeg,undefined,107.3,undefined,394,83.5
1397,opera,avif,undefined,108.9,undefined,291,70.2
1402,opera,webp,undefined,108.5,undefined,312,187.2
1407,opera,png,undefined,102.5,undefined,2454,97.2
1412,opera,jpeg,undefined,110.4,undefined,357,69.9
1417,opera,avif,undefined,103.8,undefined,303,93.5
1422,opera,webp,undefined,108,undefined,297,182.3
1427,opera,png,undefined,115.2,undefined,1543,86.5
1432,opera,jpeg,undefined,104.9,undefined,293,68.7
1437,opera,avif,undefined,116.8,undefined,292,96.2
1442,opera,webp,undefined,107.9,undefined,263,22.4
1447,opera,png,undefined,108.1,undefined,2392,84.1
1452,opera,jpeg,undefined,107.2,undefined,429,96.1
1457,opera,avif,undefined,107.6,undefined,367,87.9
1462,opera,webp,undefined,107.1,undefined,349,79.6
1467,opera,png,undefined,124.8,undefined,2278,97.4
1472,opera,jpeg,undefined,111.1,undefined,415,175.7
1477,opera,avif,undefined,127,undefined,364,93.1
1482,opera,webp,undefined,142.8,undefined,354,65.3
1487,opera,png,undefined,132.9,undefined,2111,92.2
1492,opera,jpeg,undefined,119.8,undefined,312,206.7
1497,opera,avif,undefined,112.2,undefined,264,195.2
1502,opera,webp,undefined,102.2,undefined,245,66.8
1507,opera,png,undefined,116.2,undefined,1673,93.1
1512,opera,jpeg,undefined,115,undefined,303,85.2
1517,opera,avif,undefined,114.3,undefined,307,179
1522,opera,webp,undefined,105.7,undefined,276,97.3
1527,opera,png,undefined,107.3,undefined,2014,77.1
1532,opera,jpeg,undefined,122,undefined,339,76
1536,opera,avif,undefined,137.2,undefined,359,207.8
1541,opera,webp,undefined,121.1,undefined,315,183.8
1546,opera,png,undefined,133.8,undefined,1566,102.3
1551,opera,jpeg,undefined,109.1,undefined,340,81.5
1555,opera,avif,undefined,103.9,undefined,297,89.6
1560,opera,webp,undefined,134.8,undefined,278,69.6
1565,opera,png,undefined,140.7,undefined,1893,23.1
1570,opera,jpeg,undefined,107.7,undefined,418,369
1575,opera,avif,undefined,132.2,undefined,353,189.6
1580,opera,webp,undefined,111.9,undefined,342,55.3
1585,opera,png,undefined,138.2,undefined,1949,92.1
1590,opera,jpeg,undefined,117.1,undefined,356,84.1
1595,opera,avif,undefined,118.2,undefined,304,67.7
1600,opera,webp,undefined,122.1,undefined,292,71.1
1605,opera,png,undefined,155.8,undefined,2009,80.2
1610,opera,jpeg,undefined,107.9,undefined,342,68.8
1615,opera,avif,undefined,104,undefined,317,77.9
1620,opera,webp,undefined,110.6,undefined,297,71.2
1625,opera,png,undefined,117,undefined,2080,69.4
1630,opera,jpeg,undefined,129,undefined,372,69.1
1635,opera,avif,undefined,113.7,undefined,343,78.7
1639,opera,webp,undefined,157.5,undefined,328,78.1
1644,opera,png,undefined,115,undefined,1822,198.5
1649,opera,jpeg,undefined,106,undefined,337,76.8
1654,opera,avif,undefined,142.2,undefined,322,79.1
1659,opera,webp,undefined,137.3,undefined,290,77.4
1664,opera,png,undefined,125,undefined,2670,77.2
1669,opera,jpeg,undefined,110.7,undefined,379,78.6
1674,opera,avif,undefined,122,undefined,426,116.7
1679,opera,webp,undefined,114.5,undefined,355,430.5
1684,opera,png,undefined,118.4,undefined,2604,202.5
1688,opera,jpeg,undefined,99.5,undefined,484,190.2
1693,opera,avif,undefined,142.5,undefined,456,101.2
1698,opera,webp,undefined,153.4,undefined,385,81.3
1703,opera,png,undefined,139.6,undefined,2671,121.9
1708,opera,jpeg,undefined,121,undefined,441,98.9
1713,opera,avif,undefined,103.7,undefined,366,75.4
1718,opera,webp,undefined,162.1,undefined,384,204.7
1722,opera,png,undefined,149.3,undefined,2205,82.2
1726,opera,jpeg,undefined,111.6,undefined,395,73.2
1731,opera,avif,undefined,140.3,undefined,364,79.6
1736,opera,webp,undefined,123.7,undefined,363,83
1741,opera,png,undefined,151.9,undefined,2078,84.1
1746,opera,jpeg,undefined,110.5,undefined,360,67.3
1751,opera,avif,undefined,118.1,undefined,324,79.5
1756,opera,webp,undefined,114.1,undefined,310,85.7
1761,opera,png,undefined,137.5,undefined,2066,90.6
1766,opera,jpeg,undefined,107.5,undefined,309,28
1771,opera,avif,undefined,141.8,undefined,331,76.2
1776,opera,webp,undefined,112.4,undefined,259,391.2
1781,opera,png,undefined,129.6,undefined,1530,83
1786,opera,jpeg,undefined,127.1,undefined,263,76.8
1791,opera,avif,undefined,119.6,undefined,258,81.1
1796,opera,webp,undefined,123,undefined,238,197.3
1801,opera,png,undefined,145.5,undefined,1762,92.7
1806,opera,jpeg,undefined,116,undefined,352,82.1
1811,opera,avif,undefined,119.3,undefined,316,183.9
1816,opera,webp,undefined,110.4,undefined,271,65.2
1821,opera,png,undefined,133.2,undefined,1684,97.2
1826,opera,jpeg,undefined,136.8,undefined,363,81.8
1831,opera,avif,undefined,118.9,undefined,337,25.2
1836,opera,webp,undefined,138.9,undefined,313,24.3
1841,opera,png,undefined,122.5,undefined,1777,196.1
1846,opera,jpeg,undefined,116.9,undefined,341,28.2
1851,opera,avif,undefined,109.4,undefined,316,91.6
1856,opera,webp,undefined,139.3,undefined,270,203.7
1861,opera,png,undefined,141.7,undefined,1601,106.8
1866,opera,jpeg,undefined,111.3,undefined,271,74.1
1871,opera,avif,undefined,111.3,undefined,262,64.2
1876,opera,webp,undefined,121,undefined,243,189.7
1881,opera,png,undefined,146.2,undefined,2107,95.4
1886,opera,jpeg,undefined,134.2,undefined,365,90.1
1891,opera,avif,undefined,141.8,undefined,346,296.2
1896,opera,webp,undefined,116.7,undefined,314,52.8
1901,opera,png,undefined,115.1,undefined,1830,199.8
1906,opera,jpeg,undefined,103.5,undefined,350,79
1911,opera,avif,undefined,140.7,undefined,298,79.8
1916,opera,webp,undefined,152.4,undefined,290,93
1921,opera,png,undefined,150.5,undefined,2587,87.3
1926,opera,jpeg,undefined,116.3,undefined,474,23.2
1931,opera,avif,undefined,130.7,undefined,422,107.9
1936,opera,webp,undefined,112.6,undefined,392,83.3
1941,opera,png,undefined,160.6,undefined,1332,25.6
1946,opera,jpeg,undefined,109.1,undefined,275,179.9
1951,opera,avif,undefined,130.8,undefined,246,70.1
1956,opera,webp,undefined,148.6,undefined,242,77
1961,opera,png,undefined,139.6,undefined,2156,192.2
1965,opera,jpeg,undefined,134.5,undefined,358,83.5
1970,opera,avif,undefined,112.9,undefined,419,106.5
1975,opera,webp,undefined,137.3,undefined,354,85.2
1980,opera,png,undefined,134.2,undefined,2126,28.1
1984,opera,jpeg,undefined,124.9,undefined,348,61.7
1989,opera,avif,undefined,141.5,undefined,320,70.3
1994,opera,webp,undefined,99.3,undefined,320,112.6
1999,opera,png,undefined,115.9,undefined,2705,75.5
2002,opera,jpeg,undefined,105.8,undefined,483,94.3
2007,opera,avif,undefined,93.1,undefined,461,218.9
2012,opera,webp,undefined,111.8,undefined,419,127.4
2017,opera,png,undefined,97.7,undefined,2257,212.2
2022,opera,jpeg,undefined,116.5,undefined,407,87.1
2031,opera,webp,undefined,98.1,undefined,328,128.5
2036,opera,png,undefined,119.4,undefined,1689,134.4
2041,opera,jpeg,undefined,111.1,undefined,268,122.8
2046,opera,avif,undefined,104.1,undefined,253,128.7
2051,opera,webp,undefined,97.8,undefined,220,165.1
2056,opera,png,undefined,107.1,undefined,1844,23.2
2060,opera,jpeg,undefined,101.3,undefined,330,70
2065,opera,avif,undefined,89.6,undefined,297,48
2070,opera,webp,undefined,99.6,undefined,271,59.7
2075,opera,png,undefined,138.3,undefined,1924,84.5
2080,opera,jpeg,undefined,107.3,undefined,370,180.9
2085,opera,avif,undefined,93.5,undefined,320,178.6
2090,opera,webp,undefined,128,undefined,300,73.4
2095,opera,png,undefined,93.4,undefined,2219,86.7
2099,opera,jpeg,undefined,101.2,undefined,439,184.1
2104,opera,avif,undefined,105.5,undefined,346,45.7
2109,opera,webp,undefined,118.7,undefined,338,57.6
2114,opera,png,undefined,103.7,undefined,1702,84.2
2119,opera,jpeg,undefined,96.8,undefined,321,80.3
2124,opera,avif,undefined,99.4,undefined,289,22.9
2129,opera,webp,undefined,109.4,undefined,256,69.7
2134,opera,png,undefined,134.4,undefined,1761,25.7
2139,opera,jpeg,undefined,106.9,undefined,344,24.1
2144,opera,avif,undefined,104.3,undefined,302,52.6
2149,opera,webp,undefined,107.6,undefined,278,85
2154,opera,png,undefined,105.3,undefined,1378,69.5
2159,opera,jpeg,undefined,101.5,undefined,334,173.3
2164,opera,avif,undefined,96,undefined,271,76.4
2169,opera,webp,undefined,99.9,undefined,255,74.4
2174,opera,png,undefined,96.3,undefined,1978,76.5
2179,opera,jpeg,undefined,128.7,undefined,380,167.1
2184,opera,avif,undefined,134.7,undefined,280,63.7
2189,opera,webp,undefined,113.5,undefined,283,64.8
2194,opera,png,undefined,110.6,undefined,2129,81.4
2199,opera,jpeg,undefined,98.6,undefined,437,74.4
2204,opera,avif,undefined,102.4,undefined,332,81.9
2209,opera,webp,undefined,106.8,undefined,347,207.1
2214,opera,png,undefined,106.4,undefined,2126,25.4
2219,opera,jpeg,undefined,103.5,undefined,441,77.9
2224,opera,avif,undefined,111.7,undefined,378,74
2229,opera,webp,undefined,103.7,undefined,376,94
2234,opera,png,undefined,105.5,undefined,2140,81.7
2239,opera,jpeg,undefined,100.8,undefined,348,26.1
2244,opera,avif,undefined,106.7,undefined,314,75.3
2249,opera,webp,undefined,108.4,undefined,291,52
2254,opera,png,undefined,107.6,undefined,2166,97.3
2259,opera,jpeg,undefined,101.9,undefined,443,115.5
2264,opera,avif,undefined,130.5,undefined,360,110.9
2268,opera,webp,undefined,120.5,undefined,376,28.9
2273,opera,png,undefined,120.3,undefined,3248,392.6
2277,opera,jpeg,undefined,105.9,undefined,480,181.6
2282,opera,avif,undefined,116.4,undefined,384,22.9
2287,opera,webp,undefined,108.5,undefined,391,73.9
2292,opera,png,undefined,113.9,undefined,2142,93.9
2296,opera,jpeg,undefined,101.2,undefined,342,68.8
2301,opera,avif,undefined,111.5,undefined,314,169.1
2306,opera,webp,undefined,110,undefined,299,88.1
2311,opera,png,undefined,134.7,undefined,1369,52.4
2316,opera,jpeg,undefined,107.2,undefined,280,82.2
2321,opera,avif,undefined,110.8,undefined,306,83.9
2325,opera,webp,undefined,118.7,undefined,249,46.2
2330,opera,png,undefined,116.9,undefined,1388,94
2335,opera,jpeg,undefined,106.4,undefined,294,57.9
2340,opera,avif,undefined,106.9,undefined,253,55.2
2345,opera,webp,undefined,110.2,undefined,234,130.5
2350,opera,png,undefined,114.1,undefined,1346,62.3
2355,opera,jpeg,undefined,113.8,undefined,295,61.2
2360,opera,avif,undefined,110.5,undefined,304,87.1
2365,opera,webp,undefined,108.5,undefined,261,90.9
2370,opera,png,undefined,136.2,undefined,2225,192.7
2375,opera,jpeg,undefined,108.3,undefined,380,106.6
2380,opera,avif,undefined,106.5,undefined,405,57.8
2385,opera,webp,undefined,107.8,undefined,352,79
2390,opera,png,undefined,130.8,undefined,2356,65.8
2394,opera,jpeg,undefined,109.2,undefined,378,206.5
2399,opera,avif,undefined,110.7,undefined,362,111.2
2404,opera,webp,undefined,117.6,undefined,347,88.2
2409,opera,png,undefined,132.1,undefined,2651,66.6
2413,opera,jpeg,undefined,107.7,undefined,456,85.5
2418,opera,avif,undefined,113.5,undefined,396,109.7
2422,opera,webp,undefined,102,undefined,375,98.9
2427,opera,png,undefined,107.1,undefined,2438,64.8
2431,opera,jpeg,undefined,112.9,undefined,396,78.1
2436,opera,avif,undefined,134.3,undefined,402,174.8
2441,opera,webp,undefined,134.8,undefined,375,172.1
2446,opera,png,undefined,120.1,undefined,1897,105.4
2451,opera,jpeg,undefined,113.1,undefined,303,88.2
2456,opera,avif,undefined,106.9,undefined,308,19.8
2461,opera,webp,undefined,107,undefined,295,71.1
2466,opera,png,undefined,120.6,undefined,1867,63.6
2471,opera,jpeg,undefined,136.1,undefined,370,91.7
2476,opera,avif,undefined,113.7,undefined,298,72.6
2481,opera,webp,undefined,110,undefined,322,383.2
2486,opera,png,undefined,129.9,undefined,2276,72.7
2491,opera,jpeg,undefined,114.4,undefined,407,79.6
2496,opera,avif,undefined,113.9,undefined,464,102.5
2501,opera,webp,undefined,117.1,undefined,413,76.5
2506,opera,png,undefined,141.3,undefined,2182,66
2511,opera,jpeg,undefined,102.5,undefined,437,69.9
2516,opera,avif,undefined,134,undefined,367,121.1
2521,opera,webp,undefined,124.4,undefined,379,87
2526,opera,png,undefined,118.6,undefined,1879,388
2531,opera,jpeg,undefined,116.6,undefined,341,62.9
2536,opera,avif,undefined,131,undefined,303,387.5
2541,opera,webp,undefined,109.3,undefined,298,74.5
2546,opera,png,undefined,131.8,undefined,1427,73.3
2551,opera,jpeg,undefined,102.9,undefined,289,79.7
2556,opera,avif,undefined,103.8,undefined,270,392.3
2560,opera,webp,undefined,121.1,undefined,249,135.5
2565,opera,png,undefined,147.1,undefined,2266,76.5
2570,opera,jpeg,undefined,138.8,undefined,417,81.8
2575,opera,avif,undefined,131.5,undefined,346,74.7
2580,opera,webp,undefined,135.2,undefined,382,65.9
2585,opera,png,undefined,117.8,undefined,1939,66.2
2590,opera,jpeg,undefined,116.7,undefined,350,69.5
2595,opera,avif,undefined,108.6,undefined,316,173.5
2600,opera,webp,undefined,115.6,undefined,305,27.5
2605,opera,png,undefined,148.5,undefined,1912,170.3
2610,opera,jpeg,undefined,105.5,undefined,339,86.4
2615,opera,avif,undefined,135.5,undefined,334,185.6
2620,opera,webp,undefined,111.3,undefined,301,78.5
2625,opera,png,undefined,104.3,undefined,1638,71.7
2630,opera,jpeg,undefined,111.7,undefined,287,72
2635,opera,avif,undefined,112.9,undefined,274,74.4
2640,opera,webp,undefined,112,undefined,241,181.8
2645,opera,png,undefined,127.5,undefined,2023,383.7
2650,opera,jpeg,undefined,109.3,undefined,343,68.6
2655,opera,avif,undefined,130.2,undefined,347,285.7
2660,opera,webp,undefined,113.7,undefined,275,78.8
2665,opera,png,undefined,131.2,undefined,1966,94
2669,opera,jpeg,undefined,100.4,undefined,345,70.7
2674,opera,avif,undefined,112.7,undefined,347,72.7
2679,opera,webp,undefined,114.6,undefined,280,70.9
2684,opera,png,undefined,128.4,undefined,2191,73
2688,opera,jpeg,undefined,116.1,undefined,331,166.5
2693,opera,avif,undefined,112.9,undefined,279,55.8
2698,opera,webp,undefined,110.5,undefined,292,60.3
2703,opera,png,undefined,112.6,undefined,1453,26.3
2708,opera,jpeg,undefined,109,undefined,334,50.1
2713,opera,avif,undefined,124.6,undefined,327,81.9
2718,opera,webp,undefined,131,undefined,288,159.8
2723,opera,png,undefined,139.5,undefined,1026,48.6
2728,opera,jpeg,undefined,110.3,undefined,273,257.4
2733,opera,avif,undefined,109.3,undefined,264,73.9
2738,opera,webp,undefined,106.1,undefined,235,58.8
2743,opera,png,undefined,142.7,undefined,1839,56.4
2748,opera,jpeg,undefined,113.5,undefined,309,74.1
2753,opera,avif,undefined,136.3,undefined,285,72.5
2758,opera,webp,undefined,117.4,undefined,262,48.6
2763,opera,png,undefined,101,undefined,1864,171.6
2768,opera,jpeg,undefined,117.4,undefined,357,63.8
2773,opera,avif,undefined,122.4,undefined,309,56.8
2778,opera,webp,undefined,158.3,undefined,292,72.9
2783,opera,png,undefined,133,undefined,1662,82.9
2788,opera,jpeg,undefined,114.8,undefined,337,62.9
2793,opera,avif,undefined,106.8,undefined,309,46.7
2798,opera,webp,undefined,116.2,undefined,282,66.1
2803,opera,png,undefined,130.5,undefined,1782,98.4
2807,opera,jpeg,undefined,110.5,undefined,330,22.8
2812,opera,avif,undefined,150.6,undefined,306,87.4
2817,opera,webp,undefined,121.5,undefined,303,167.7
2822,opera,png,undefined,145.3,undefined,2009,51.4
2827,opera,jpeg,undefined,114,undefined,369,56.8
2832,opera,avif,undefined,138.8,undefined,323,80.9
2837,opera,webp,undefined,111.8,undefined,322,96.2
2842,opera,png,undefined,114.7,undefined,1778,57
2847,opera,jpeg,undefined,130.5,undefined,332,54.2
2852,opera,avif,undefined,113.5,undefined,316,193.1
2857,opera,webp,undefined,113.4,undefined,279,92.2
2862,opera,png,undefined,118.7,undefined,2373,169
2866,opera,jpeg,undefined,106.7,undefined,424,76.2
2871,opera,avif,undefined,115.2,undefined,354,177
2876,opera,webp,undefined,137.9,undefined,361,54.3
2881,opera,png,undefined,133.8,undefined,1661,66.8
2886,opera,jpeg,undefined,138.4,undefined,279,65.6
2891,opera,avif,undefined,145.8,undefined,272,74.1
2896,opera,webp,undefined,111.2,undefined,250,54
2901,opera,png,undefined,136.2,undefined,1690,99.6
2906,opera,jpeg,undefined,106.1,undefined,317,22.4
2911,opera,avif,undefined,114.2,undefined,309,181.7
2916,opera,webp,undefined,141.4,undefined,294,291.4
2921,opera,png,undefined,109.5,undefined,1753,23.5
2926,opera,jpeg,undefined,122.7,undefined,378,52.7
2931,opera,avif,undefined,110.8,undefined,322,178.3
2936,opera,webp,undefined,119,undefined,294,42.7
2941,opera,png,undefined,111.3,undefined,2344,92.1
2946,opera,jpeg,undefined,114.7,undefined,369,65.4
2951,opera,avif,undefined,149.6,undefined,355,86
2956,opera,webp,undefined,118.4,undefined,338,95.8
2961,opera,png,undefined,143.2,undefined,1952,76.5
2966,opera,jpeg,undefined,119.4,undefined,320,68.8
2971,opera,avif,undefined,120.2,undefined,309,52.3
2976,opera,webp,undefined,130,undefined,277,96.5
2981,opera,png,undefined,138.8,undefined,2237,83.5
2986,opera,jpeg,undefined,139,undefined,372,71.8
2991,opera,avif,undefined,134.2,undefined,337,58.3
2996,opera,webp,undefined,142.1,undefined,333,67.2
3001,opera,png,undefined,154.7,undefined,1866,80.1
3006,opera,jpeg,undefined,120,undefined,313,76.1
3011,opera,avif,undefined,117.8,undefined,293,188.5
3016,opera,webp,undefined,138.2,undefined,274,91.7
3021,opera,png,undefined,146.3,undefined,2111,62.2
3026,opera,jpeg,undefined,124.8,undefined,387,63.4
3031,opera,avif,undefined,151.3,undefined,406,74
3036,opera,webp,undefined,113,undefined,356,192
3041,opera,png,undefined,137.5,undefined,2596,92.9
3045,opera,jpeg,undefined,114.9,undefined,436,174.2
3050,opera,avif,undefined,154.9,undefined,452,72.5
3055,opera,webp,undefined,142.2,undefined,427,188.9
3060,opera,png,undefined,122.1,undefined,1713,67.8
3065,opera,jpeg,undefined,112.5,undefined,316,193.2
3070,opera,avif,undefined,146.3,undefined,283,75
3075,opera,webp,undefined,112.2,undefined,267,84
3080,opera,png,undefined,143.6,undefined,1960,53.2
3085,opera,jpeg,undefined,112,undefined,367,171.7
3090,opera,avif,undefined,126.3,undefined,461,75.5
3095,opera,webp,undefined,115.8,undefined,314,120.5
3100,opera,png,undefined,114.7,undefined,2090,85.7
3105,opera,jpeg,undefined,116,undefined,414,98.8
3110,opera,avif,undefined,140.8,undefined,332,93
3115,opera,webp,undefined,117.7,undefined,320,56.7
3120,opera,png,undefined,119.5,undefined,2069,96.8
3125,opera,jpeg,undefined,110.4,undefined,420,77.2
3130,opera,avif,undefined,136.2,undefined,342,89.5
3135,opera,webp,undefined,121.1,undefined,325,79.6
3140,opera,png,undefined,144.5,undefined,2017,391.8
3145,opera,jpeg,undefined,112.6,undefined,345,41.9
3150,opera,avif,undefined,122.2,undefined,319,182.5
3155,opera,webp,undefined,121.7,undefined,296,80.2
3160,opera,png,undefined,145.8,undefined,2148,394.6
3165,opera,jpeg,undefined,114.4,undefined,382,51.2
3170,opera,avif,undefined,117.6,undefined,349,179.1
3175,opera,webp,undefined,108.8,undefined,325,24.4
3180,opera,png,undefined,128.1,undefined,2472,81.4
3185,opera,jpeg,undefined,116.3,undefined,492,81.6
3190,opera,avif,undefined,146.2,undefined,517,221
3195,opera,webp,undefined,157.5,undefined,424,125.7
3200,opera,png,undefined,133.7,undefined,2460,176.7
3205,opera,jpeg,undefined,116.5,undefined,451,83.4
3210,opera,avif,undefined,141.2,undefined,546,90.6
3215,opera,webp,undefined,145.2,undefined,451,113
3220,opera,png,undefined,116.2,undefined,1570,83
3225,opera,jpeg,undefined,109.1,undefined,294,69.9
3230,opera,avif,undefined,115.8,undefined,285,67.5
3235,opera,webp,undefined,140.1,undefined,256,80.7
3240,opera,png,undefined,143.4,undefined,2315,96
3244,opera,jpeg,undefined,115.7,undefined,405,69.5
3249,opera,avif,undefined,160.4,undefined,373,159
3254,opera,webp,undefined,144.9,undefined,351,66.5
3259,opera,png,undefined,150.5,undefined,2139,24.8
3264,opera,jpeg,undefined,108.8,undefined,334,77.5
3269,opera,avif,undefined,115.2,undefined,299,26
3274,opera,webp,undefined,111.5,undefined,273,156.9
3279,opera,png,undefined,130,undefined,1569,83.4
3284,opera,jpeg,undefined,109.3,undefined,287,88.4
3289,opera,avif,undefined,141.2,undefined,309,26.1
3294,opera,webp,undefined,134.5,undefined,254,63.1
3299,opera,png,undefined,130.5,undefined,2001,160.8
3304,opera,jpeg,undefined,143,undefined,359,375.4
3309,opera,avif,undefined,113.7,undefined,322,61.4
3313,opera,webp,undefined,126.2,undefined,313,287.8
3318,opera,png,undefined,148.1,undefined,1519,52.7
3323,opera,jpeg,undefined,139.7,undefined,304,67.6
3328,opera,avif,undefined,117.4,undefined,344,82.8
3333,opera,webp,undefined,128.9,undefined,263,36.1
3338,opera,png,undefined,144.6,undefined,1566,75.5
3343,opera,jpeg,undefined,117.9,undefined,312,69
3348,opera,avif,undefined,136.1,undefined,303,56.6
3353,opera,webp,undefined,122.6,undefined,270,164.6
3358,opera,png,undefined,142.9,undefined,2279,72.4
3363,opera,jpeg,undefined,114.5,undefined,390,81.5
3368,opera,avif,undefined,127.2,undefined,330,80.5
3373,opera,webp,undefined,172.7,undefined,308,70.6
3378,opera,png,undefined,136.6,undefined,1402,215.8
3383,opera,jpeg,undefined,119.4,undefined,276,24.3
3388,opera,avif,undefined,131.6,undefined,263,75
3393,opera,webp,undefined,141.6,undefined,250,201
3398,opera,png,undefined,120.1,undefined,1889,104.8
3403,opera,jpeg,undefined,89.9,undefined,368,190.7
3408,opera,avif,undefined,110.2,undefined,304,65
3413,opera,webp,undefined,113.6,undefined,302,173.3
3418,opera,png,undefined,163.4,undefined,2116,72.8
3423,opera,jpeg,undefined,146.1,undefined,363,166.7
3428,opera,avif,undefined,125.7,undefined,375,97.1
3433,opera,webp,undefined,122.3,undefined,300,65.8
3438,opera,png,undefined,120.6,undefined,1759,65.6
3443,opera,jpeg,undefined,147.4,undefined,352,65
3448,opera,avif,undefined,117.9,undefined,349,161.3
3453,opera,webp,undefined,118.3,undefined,294,25.9
3458,opera,png,undefined,141.1,undefined,1490,82.5
3463,opera,jpeg,undefined,117.5,undefined,309,74.1
3468,opera,avif,undefined,128.5,undefined,252,98.6
3473,opera,webp,undefined,143.1,undefined,255,78.9
3478,opera,png,undefined,117.7,undefined,1946,74.1
3483,opera,jpeg,undefined,126.1,undefined,328,64.5
3488,opera,avif,undefined,138.4,undefined,295,178.2
3493,opera,webp,undefined,122.2,undefined,275,84.8
3498,opera,png,undefined,139,undefined,2250,79
3503,opera,jpeg,undefined,124.1,undefined,407,84.9
3508,opera,avif,undefined,118.9,undefined,396,176.1
3513,opera,webp,undefined,119.5,undefined,392,83.2
3518,opera,png,undefined,168.6,undefined,2919,199.3
3522,opera,jpeg,undefined,122.8,undefined,429,77.9
3527,opera,avif,undefined,122.7,undefined,354,87.4
3532,opera,webp,undefined,116.6,undefined,346,72.2
3537,opera,png,undefined,149.1,undefined,2053,105.2
3542,opera,jpeg,undefined,119.3,undefined,326,88
3547,opera,avif,undefined,123.8,undefined,316,71
3552,opera,webp,undefined,121.7,undefined,288,67.9
3557,opera,png,undefined,124.9,undefined,1587,79.8
3562,opera,jpeg,undefined,122.7,undefined,300,55.4
3567,opera,avif,undefined,122.7,undefined,275,47.9
3572,opera,webp,undefined,129.3,undefined,248,59.5
3577,opera,png,undefined,114.9,undefined,2501,74
3582,opera,jpeg,undefined,114.8,undefined,387,307.3
3587,opera,avif,undefined,160.7,undefined,372,70.7
3592,opera,webp,undefined,121.8,undefined,335,68.3
3597,opera,png,undefined,125.4,undefined,1817,68.3
3601,opera,jpeg,undefined,164.6,undefined,399,85.2
3606,opera,avif,undefined,140.3,undefined,310,88.3
3611,opera,webp,undefined,126.5,undefined,308,292.5
3616,opera,png,undefined,150.5,undefined,2176,68.4
3621,opera,jpeg,undefined,130.8,undefined,393,180.8
3626,opera,avif,undefined,124.4,undefined,464,184.3
3631,opera,webp,undefined,161.9,undefined,389,167.9
3636,opera,png,undefined,125.1,undefined,1977,72.9
3641,opera,jpeg,undefined,113.6,undefined,370,75.5
3646,opera,avif,undefined,114,undefined,369,131
3651,opera,webp,undefined,119.6,undefined,326,75.8
3656,opera,png,undefined,157,undefined,2045,52.9
3660,opera,jpeg,undefined,122.8,undefined,383,201.3
3665,opera,avif,undefined,127.4,undefined,368,188.4
3670,opera,webp,undefined,145.2,undefined,326,101
3675,opera,png,undefined,151,undefined,2234,187.9
3680,opera,jpeg,undefined,124.3,undefined,417,84.6
3685,opera,avif,undefined,131.5,undefined,390,57.4
3690,opera,webp,undefined,120.8,undefined,374,59.4
3695,opera,png,undefined,109,undefined,1465,100.2
3700,opera,jpeg,undefined,95.7,undefined,299,376.6
3705,opera,avif,undefined,117.9,undefined,259,273.7
3710,opera,webp,undefined,150.7,undefined,236,80.4
3715,opera,png,undefined,133.2,undefined,1650,71.5
3720,opera,jpeg,undefined,133.5,undefined,309,58.6
3725,opera,avif,undefined,115.8,undefined,269,75.6
3730,opera,webp,undefined,118.3,undefined,267,87.8
3735,opera,png,undefined,132.6,undefined,1788,89.6
3739,opera,jpeg,undefined,126.3,undefined,380,70.8
3744,opera,avif,undefined,126.3,undefined,316,102.4
3749,opera,webp,undefined,125.4,undefined,300,25.5
3754,opera,png,undefined,121.2,undefined,1781,71.9
3758,opera,jpeg,undefined,145.4,undefined,358,24.3
3763,opera,avif,undefined,130,undefined,330,81.4
3768,opera,webp,undefined,152.7,undefined,287,299.6
3773,opera,png,undefined,121.6,undefined,1741,62.9
3778,opera,jpeg,undefined,114.7,undefined,374,59.2
3783,opera,avif,undefined,120.3,undefined,285,369
3788,opera,webp,undefined,164.8,undefined,339,174.6
3793,opera,png,undefined,135.6,undefined,1575,65.9
3798,opera,jpeg,undefined,120.2,undefined,315,88.4
3803,opera,avif,undefined,114.9,undefined,289,73.3
3808,opera,webp,undefined,142.1,undefined,239,84
3813,opera,png,undefined,163.5,undefined,2524,399.6
3815,opera,jpeg,undefined,149.9,undefined,432,137.7
3820,opera,avif,undefined,156.1,undefined,420,61.3
3825,opera,webp,undefined,156.8,undefined,409,82.2
3830,opera,png,undefined,132.5,undefined,1996,56
3835,opera,jpeg,undefined,122.5,undefined,365,66.2
3840,opera,avif,undefined,150.1,undefined,350,65.2
3845,opera,webp,undefined,119.4,undefined,329,379.9
3850,opera,png,undefined,159.5,undefined,2346,132.8
3855,opera,jpeg,undefined,126.6,undefined,416,22
3860,opera,avif,undefined,124.3,undefined,413,77.5
3865,opera,webp,undefined,123.5,undefined,441,92.2
3870,opera,png,undefined,148.1,undefined,1962,96.9
3875,opera,jpeg,undefined,112.8,undefined,322,86.4
3880,opera,avif,undefined,145.9,undefined,284,88.6
3885,opera,webp,undefined,117.7,undefined,260,80
3890,opera,png,undefined,119.7,undefined,1386,123.2
3895,opera,jpeg,undefined,141.5,undefined,278,162.5
3900,opera,avif,undefined,154,undefined,281,55.9
3905,opera,webp,undefined,115.1,undefined,234,92.8
3910,opera,png,undefined,133.3,undefined,1708,73.6
3915,opera,jpeg,undefined,118.1,undefined,301,62.2
3920,opera,avif,undefined,138.9,undefined,286,72.1
3925,opera,webp,undefined,119.3,undefined,243,69.1
3930,opera,png,undefined,163,undefined,2029,25.1
3935,opera,jpeg,undefined,120.8,undefined,367,92.9
3939,opera,avif,undefined,128.7,undefined,349,119.9
3944,opera,webp,undefined,127.4,undefined,287,64.9
