run_id,browser,image_format,FCP,TTFB,PLT,fetch_time
0,opera,png,270.4,10.1,2168,48.4
1,chrome,png,234.6,9.6,1892,114.5
2,firefox,png,210.0,7,1956,131.0
3,edge_chromium,png,160.9,8.4,1738,61.1
4,brave,png,327.0,10,1822,211.0
5,safari,png,446.0,115,2196,124.0
6,opera,jpeg,375.8,13.5,348,77.0
7,chrome,jpeg,236.9,8.5,172,133.6
8,firefox,jpeg,101.0,10,205,38.0
9,edge_chromium,jpeg,137.6,7.1,185,66.5
10,brave,jpeg,224.0,8,224,108.0
11,safari,jpeg,310.0,100,452,106.0
12,opera,avif,300.9,9.5,299,86.8
13,chrome,avif,219.4,9.2,147,141.8
14,firefox,avif,338.0,14,153,285.0
15,edge_chromium,avif,244.8,6.6,187,172.9
16,brave,avif,261.0,8,245,94.0
17,safari,avif,326.0,106,424,109.0
18,opera,webp,334.8,8.9,319,68.3
19,chrome,webp,409.3,12.9,167,280.8
20,firefox,webp,191.0,10,183,127.0
21,edge_chromium,webp,217.1,9.1,150,159.0
22,brave,webp,197.0,7,189,91.0
23,safari,webp,297.0,86,444,97.0
24,opera,png,362.2,9.1,1939,100.7
25,chrome,png,210.8,9.0,2665,149.2
26,firefox,png,209.0,7,1846,147.0
27,edge_chromium,png,177.5,8.7,1646,80.8
28,brave,png,235.0,9,1643,113.0
29,safari,png,270.0,47,1822,51.0
30,opera,jpeg,302.7,8.7,336,57.4
31,chrome,jpeg,219.3,9.1,181,130.5
32,firefox,jpeg,88.0,7,208,36.0
33,edge_chromium,jpeg,155.1,8.1,190,56.9
34,brave,jpeg,300.0,9,243,209.0
35,safari,jpeg,304.0,97,448,100.0
36,opera,avif,324.8,8.8,286,73.2
37,chrome,avif,183.7,9.4,140,110.7
38,firefox,avif,193.0,8,173,128.0
39,edge_chromium,avif,135.0,8.6,147,57.1
40,brave,avif,301.0,8,159,212.0
41,safari,avif,335.0,113,444,116.0
42,opera,webp,309.3,9.2,303,80.2
43,chrome,webp,401.7,22.7,156,288.8
44,firefox,webp,186.0,9,178,128.0
45,edge_chromium,webp,212.4,8.4,139,144.0
46,brave,webp,195.0,8,178,89.0
47,safari,webp,277.0,8,387,60.0
48,opera,png,289.2,9.6,2139,60.8
49,chrome,png,335.1,24.8,2000,235.1
50,firefox,png,357.0,23,1978,293.0
51,edge_chromium,png,211.2,11.3,1865,151.2
52,brave,png,234.0,9,1935,89.0
53,safari,png,299.0,82,2053,94.0
54,opera,jpeg,258.2,6.9,336,13.2
55,chrome,jpeg,219.7,8.1,206,116.1
56,firefox,jpeg,175.0,7,243,116.0
57,edge_chromium,jpeg,251.9,7.2,204,161.1
58,brave,jpeg,234.0,8,276,101.0
59,safari,jpeg,290.0,85,462,93.0
60,opera,avif,325.8,8.4,322,73.1
61,chrome,avif,228.2,7.8,157,140.5
62,firefox,avif,309.0,8,192,247.0
63,edge_chromium,avif,245.7,9.0,178,177.7
64,brave,avif,268.0,8,263,110.0
65,safari,avif,342.0,110,466,116.0
66,opera,webp,289.1,8.2,328,47.8
67,chrome,webp,318.3,8.3,170,205.4
68,firefox,webp,160.0,8,194,97.0
69,edge_chromium,webp,197.0,7.6,165,136.2
70,brave,webp,242.0,8,263,74.0
71,safari,webp,291.0,93,433,97.0
72,opera,png,303.5,9.2,2219,89.2
73,chrome,png,239.8,8.6,1926,149.2
74,firefox,png,210.0,9,1951,158.0
75,edge_chromium,png,173.2,8.7,1920,90.1
76,brave,png,385.0,24,2065,302.0
77,safari,png,334.0,121,2372,132.0
78,opera,jpeg,386.8,10.3,394,153.4
79,chrome,jpeg,220.6,10.0,232,126.4
80,firefox,jpeg,185.0,10,248,123.0
81,edge_chromium,jpeg,166.5,8.8,226,57.7
82,brave,jpeg,303.0,9,268,211.0
83,safari,jpeg,298.0,11,501,59.0
84,opera,avif,310.6,8.5,330,62.7
85,chrome,avif,228.0,9.4,177,118.6
86,firefox,avif,184.0,9,218,119.0
87,edge_chromium,avif,228.5,9.1,193,157.5
88,brave,avif,270.0,11,200,192.0
89,safari,avif,291.0,83,421,93.0
90,opera,webp,470.1,9.1,384,187.5
91,chrome,webp,230.2,7.6,203,134.5
92,firefox,webp,206.0,9,225,150.0
93,edge_chromium,webp,165.0,9.4,187,77.7
94,brave,webp,305.0,11,216,214.0
95,safari,webp,298.0,99,472,107.0
96,opera,png,335.4,11.4,2871,99.2
97,chrome,png,395.2,17.4,2775,289.1
98,firefox,png,215.0,8,2843,160.0
99,edge_chromium,png,240.3,8.6,2699,183.0
100,brave,png,220.0,10,2815,125.0
101,safari,png,326.0,115,3165,123.0
102,opera,jpeg,339.4,9.2,515,74.2
103,chrome,jpeg,232.6,8.6,314,129.3
104,firefox,jpeg,96.0,9,343,42.0
105,edge_chromium,jpeg,144.8,9.9,311,61.1
106,brave,jpeg,206.0,7,330,110.0
107,safari,jpeg,318.0,103,595,111.0
108,opera,avif,306.3,8.4,427,71.7
109,chrome,avif,343.1,9.6,316,251.6
110,firefox,avif,351.0,18,323,291.0
111,edge_chromium,avif,226.8,7.7,210,158.4
112,brave,avif,441.0,9,292,307.0
113,safari,avif,301.0,93,559,98.0
114,opera,webp,316.8,9.7,443,53.2
115,chrome,webp,318.3,8.9,281,217.8
116,firefox,webp,93.0,9,322,35.0
117,edge_chromium,webp,215.3,11.7,280,148.9
118,brave,webp,277.0,10,419,80.0
119,safari,webp,305.0,87,549,96.0
120,opera,png,295.6,9.5,1623,60.5
121,chrome,png,203.9,9.0,1395,122.5
122,firefox,png,171.0,12,1541,113.0
123,edge_chromium,png,151.2,10.0,1497,52.2
124,brave,png,244.0,7,1470,76.0
125,safari,png,300.0,73,1704,93.0
126,opera,jpeg,398.6,9.4,426,148.0
127,chrome,jpeg,207.3,9.4,213,97.7
128,firefox,jpeg,170.0,10,245,104.0
129,edge_chromium,jpeg,419.3,6.8,202,343.1
130,brave,jpeg,282.0,10,223,168.0
131,safari,jpeg,301.0,59,458,64.0
132,opera,avif,301.3,11,315,69.7
133,chrome,avif,203.0,9.4,166,116.3
134,firefox,avif,279.0,9,221,214.0
135,edge_chromium,avif,221.8,9.7,191,156.4
136,brave,avif,193.0,8,217,81.0
137,safari,avif,298.0,80,429,95.0
138,opera,webp,335.7,8.5,350,73.5
139,chrome,webp,231.6,9.1,185,135.8
140,firefox,webp,347.0,12,211,284.0
141,edge_chromium,webp,256.2,9.9,181,166.0
142,brave,webp,200.0,8,211,95.0
143,safari,webp,326.0,109,488,116.0
144,opera,png,398.7,12,1871,155.9
145,chrome,png,203.5,9.0,1785,107.1
146,firefox,png,148.0,10,1681,98.0
147,edge_chromium,png,286.0,9.2,1746,217.4
148,brave,png,289.0,9,1957,147.0
149,safari,png,272.0,11,1846,61.0
150,opera,jpeg,335.0,8.3,339,89.0
151,chrome,jpeg,230.9,8.4,175,143.3
152,firefox,jpeg,193.0,10,201,141.0
153,edge_chromium,jpeg,148.2,9.0,179,69.6
154,brave,jpeg,229.0,8,239,102.0
155,safari,jpeg,320.0,107,460,114.0
156,opera,avif,345.6,9.3,300,81.7
157,chrome,avif,386.7,15.3,158,293.1
158,firefox,avif,170.0,9,160,116.0
159,edge_chromium,avif,232.6,10.2,202,164.7
160,brave,avif,244.0,9,232,88.0
161,safari,avif,316.0,75,418,94.0
162,opera,webp,300.0,9.3,303,71.9
163,chrome,webp,240.7,9.7,147,145.8
164,firefox,webp,184.0,8,163,126.0
165,edge_chromium,webp,224.1,8.7,137,164.7
166,brave,webp,237.0,9,158,102.0
167,safari,webp,311.0,106,412,109.0
168,opera,png,445.0,8.3,1891,156.9
169,chrome,png,143.2,7.9,1707,31.1
170,firefox,png,195.0,9,1860,136.0
171,edge_chromium,png,193.5,8.1,1687,69.9
172,brave,png,211.0,8,1805,95.0
173,safari,png,317.0,109,2150,112.0
174,opera,jpeg,287.5,8.6,342,38.4
175,chrome,jpeg,193.4,8.5,186,102.9
176,firefox,jpeg,144.0,6,210,95.0
177,edge_chromium,jpeg,183.6,8.6,175,121.3
178,brave,jpeg,263.0,12,218,169.0
179,safari,jpeg,294.0,46,425,58.0
180,opera,avif,295.3,6.4,310,62.7
181,chrome,avif,183.6,6.8,146,126.3
182,firefox,avif,180.0,9,184,126.0
183,edge_chromium,avif,152.7,7.1,186,60.3
184,brave,avif,228.0,9,233,106.0
185,safari,avif,306.0,99,413,103.0
186,opera,webp,315.0,8.6,310,76.8
187,chrome,webp,226.9,8.5,150,134.9
188,firefox,webp,349.0,23,184,293.0
189,edge_chromium,webp,258.7,7.4,147,167.6
190,brave,webp,265.0,8,225,99.0
191,safari,webp,322.0,115,431,120.0
192,opera,png,457.5,9.1,1614,186.8
193,chrome,png,255.4,8.7,1523,160.2
194,firefox,png,199.0,6,1712,147.0
195,edge_chromium,png,193.3,7.3,1487,89.7
196,brave,png,149.0,9,1562,37.0
197,safari,png,305.0,25,1753,61.0
198,opera,jpeg,294.2,9.2,335,51.5
199,chrome,jpeg,212.3,8.8,179,121.3
200,firefox,jpeg,176.0,9,213,122.0
201,edge_chromium,jpeg,196.9,8.3,179,138.0
202,brave,jpeg,277.0,9,219,171.0
203,safari,jpeg,305.0,70,437,95.0
204,opera,avif,397.8,7.8,301,167.6
205,chrome,avif,139.5,8.0,159,28.2
206,firefox,avif,203.0,9,167,147.0
207,edge_chromium,avif,172.5,7.2,193,85.9
208,brave,avif,393.0,14,163,285.0
209,safari,avif,331.0,117,436,121.0
210,opera,webp,335.2,7.9,313,50.8
211,chrome,webp,204.1,8.1,149,113.9
212,firefox,webp,438.0,10,558,243.0
213,edge_chromium,webp,209.4,7.3,142,144.1
214,brave,webp,276.0,9,164,186.0
215,safari,webp,306.0,79,405,94.0
216,opera,png,321.4,8.5,2623,61.6
217,chrome,png,241.8,7.9,2107,134.7
218,firefox,png,180.0,9,2341,124.0
219,edge_chromium,png,137.8,7.1,2133,58.5
220,brave,png,232.0,8,2061,103.0
221,safari,png,293.0,87,2143,92.0
222,opera,jpeg,320.4,8.5,394,62.5
223,chrome,jpeg,222.0,9.2,237,103.6
224,firefox,jpeg,159.0,9,249,103.0
225,edge_chromium,jpeg,189.2,8.6,225,127.4
226,brave,jpeg,281.0,9,251,187.0
227,safari,jpeg,298.0,10,482,61.0
228,opera,avif,302.8,9.1,326,52.6
229,chrome,avif,198.7,9.0,168,110.0
230,firefox,avif,187.0,9,190,125.0
231,edge_chromium,avif,147.6,8.3,157,54.1
232,brave,avif,268.0,7,276,105.0
233,safari,avif,325.0,115,465,118.0
234,opera,webp,317.5,9.1,347,60.7
235,chrome,webp,245.5,8.8,187,140.9
236,firefox,webp,208.0,9,206,141.0
237,edge_chromium,webp,143.9,8.6,170,56.0
238,brave,webp,296.0,7,209,209.0
239,safari,webp,342.0,128,473,130.0
240,opera,png,324.3,8.8,1896,65.2
241,chrome,png,518.2,8.5,1685,432.2
242,firefox,png,338.0,13,1748,283.0
243,edge_chromium,png,226.5,8.6,1669,168.6
244,brave,png,406.0,9,1807,308.0
245,safari,png,299.0,83,1805,94.0
246,opera,jpeg,315.6,8.8,365,47.3
247,chrome,jpeg,166.7,5.5,179,62.2
248,firefox,jpeg,180.0,8,197,116.0
249,edge_chromium,jpeg,144.9,8.4,171,50.7
250,brave,jpeg,227.0,8,247,83.0
251,safari,jpeg,294.0,85,434,95.0
252,opera,avif,309.7,9.9,305,70.3
253,chrome,avif,389.9,22.7,157,296.6
254,firefox,avif,361.0,24,171,296.0
255,edge_chromium,avif,242.0,8.7,171,169.8
256,brave,avif,228.0,8,190,107.0
257,safari,avif,330.0,118,432,121.0
258,opera,webp,326.3,8.9,323,75.9
259,chrome,webp,111.5,8.3,148,36.3
260,firefox,webp,197.0,7,169,133.0
261,edge_chromium,webp,191.1,8.5,136,77.0
262,brave,webp,238.0,8,160,120.0
263,safari,webp,332.0,120,428,124.0
264,opera,png,420.1,8.9,1839,166.7
265,chrome,png,219.3,8.6,1978,114.4
266,firefox,png,181.0,8,1694,114.0
267,edge_chromium,png,336.9,12.6,1754,273.7
268,brave,png,258.0,7,1706,156.0
269,safari,png,269.0,8,1943,60.0
270,opera,jpeg,408.3,9,339,158.5
271,chrome,jpeg,243.7,8.8,173,128.6
272,firefox,jpeg,101.0,9,203,43.0
273,edge_chromium,jpeg,212.3,8.6,164,148.9
274,brave,jpeg,208.0,8,220,94.0
275,safari,jpeg,294.0,90,427,94.0
276,opera,avif,354.0,8.8,343,80.6
277,chrome,avif,212.9,8.0,145,140.3
278,firefox,avif,192.0,8,157,132.0
279,edge_chromium,avif,135.3,9.4,161,54.2
280,brave,avif,229.0,9,207,96.0
281,safari,avif,321.0,109,420,112.0
282,opera,webp,399.8,8.2,294,172.8
283,chrome,webp,219.9,7.6,151,126.6
284,firefox,webp,201.0,8,162,135.0
285,edge_chromium,webp,147.0,8.1,153,56.2
286,brave,webp,300.0,8,188,180.0
287,safari,webp,297.0,72,403,94.0
288,opera,png,323.8,8.3,1890,66.2
289,chrome,png,316.9,9.2,1601,220.5
290,firefox,png,184.0,8,1627,129.0
291,edge_chromium,png,222.0,8.6,1550,160.9
292,brave,png,259.0,7,2046,99.0
293,safari,png,301.0,99,1816,101.0
294,opera,jpeg,362.9,9.8,333,67.7
295,chrome,jpeg,232.6,7.1,177,143.9
296,firefox,jpeg,192.0,9,191,134.0
297,edge_chromium,jpeg,154.4,7.7,156,37.9
298,brave,jpeg,253.0,9,218,83.0
299,safari,jpeg,298.0,61,434,95.0
300,opera,avif,319.4,8.3,280,58.9
301,chrome,avif,367.1,88.5,252,223.4
302,firefox,avif,259.0,8,157,191.0
303,edge_chromium,avif,174.2,8.1,129,120.6
304,brave,avif,268.0,8,139,157.0
305,safari,avif,295.0,90,384,99.0
306,opera,webp,342.6,8.7,308,64.6
307,chrome,webp,226.9,8.2,136,131.2
308,firefox,webp,194.0,8,161,133.0
309,edge_chromium,webp,169.3,8.8,126,61.8
310,brave,webp,229.0,8,140,104.0
311,safari,webp,351.0,129,439,136.0
312,opera,png,433.8,8.6,2398,165.5
313,chrome,png,239.7,10.5,1668,140.9
314,firefox,png,205.0,8,1704,146.0
315,edge_chromium,png,162.1,8.6,1636,68.0
316,brave,png,213.0,10,2011,95.0
317,safari,png,332.0,120,1887,127.0
318,opera,jpeg,446.2,9.9,340,163.6
319,chrome,jpeg,214.0,9.5,180,120.9
320,firefox,jpeg,183.0,8,199,123.0
321,edge_chromium,jpeg,380.6,18.3,177,283.5
322,brave,jpeg,237.0,9,260,91.0
323,safari,jpeg,300.0,9,435,59.0
324,opera,avif,418.3,8.8,277,189.2
325,chrome,avif,237.8,7.3,121,148.6
326,firefox,avif,91.0,9,138,31.0
327,edge_chromium,avif,168.1,10.0,157,70.5
328,brave,avif,223.0,10,168,124.0
329,safari,avif,329.0,111,417,118.0
330,opera,webp,386.7,6,294,164.0
331,chrome,webp,216.9,10.4,133,119.7
332,firefox,webp,182.0,8,154,123.0
333,edge_chromium,webp,371.6,15.3,137,285.0
334,brave,webp,151.0,9,172,49.0
335,safari,webp,293.0,70,390,94.0
336,opera,png,274.7,9.2,2058,41.9
337,chrome,png,295.5,8.7,1801,194.4
338,firefox,png,150.0,8,1761,94.0
339,edge_chromium,png,224.3,9.2,1904,136.0
340,brave,png,386.0,12,1830,290.0
341,safari,png,308.0,71,2005,94.0
342,opera,jpeg,352.0,10.5,336,57.5
343,chrome,jpeg,393.2,14.8,188,292.4
344,firefox,jpeg,272.0,9,204,224.0
345,edge_chromium,jpeg,198.1,8.4,177,141.2
346,brave,jpeg,215.0,8,210,68.0
347,safari,jpeg,300.0,66,426,96.0
348,opera,avif,300.4,9.1,318,53.5
349,chrome,avif,337.1,10.1,143,224.7
350,firefox,avif,592.0,10,384,221.0
351,edge_chromium,avif,217.3,8.7,164,148.7
352,brave,avif,206.0,8,198,72.0
353,safari,avif,300.0,69,402,94.0
354,opera,webp,312.0,8.9,309,66.5
355,chrome,webp,237.1,9.9,152,127.7
356,firefox,webp,178.0,9,167,127.0
357,edge_chromium,webp,150.8,9.5,141,55.7
358,brave,webp,214.0,8,180,106.0
359,safari,webp,329.0,112,446,119.0
360,opera,png,489.1,13.9,2088,263.8
361,chrome,png,292.2,9.2,2636,197.1
362,firefox,png,155.0,8,3046,84.0
363,edge_chromium,png,182.9,9.0,1889,116.6
364,brave,png,413.0,19,2435,301.0
365,safari,png,307.0,69,2075,95.0
366,opera,jpeg,329.4,8,383,66.2
367,chrome,jpeg,211.3,9.2,254,121.1
368,firefox,jpeg,198.0,8,267,138.0
369,edge_chromium,jpeg,226.6,8.1,213,170.3
370,brave,jpeg,277.0,8,314,103.0
371,safari,jpeg,305.0,96,491,103.0
372,opera,avif,505.4,8.8,305,286.8
373,chrome,avif,388.3,6.4,157,277.3
374,firefox,avif,295.0,9,202,230.0
375,edge_chromium,avif,225.1,7.9,187,159.0
376,brave,avif,177.0,9,271,39.0
377,safari,avif,299.0,80,422,95.0
378,opera,webp,337.4,8.4,344,67.8
379,chrome,webp,213.6,8.4,172,117.1
380,firefox,webp,283.0,8,202,225.0
381,edge_chromium,webp,221.3,8.8,181,153.5
382,brave,webp,218.0,10,237,94.0
383,safari,webp,302.0,86,436,94.0
384,opera,png,301.6,8.8,1963,47.1
385,chrome,png,222.8,7.9,1742,124.6
386,firefox,png,195.0,9,1710,133.0
387,edge_chromium,png,239.9,9.2,1709,151.4
388,brave,png,271.0,8,1883,113.0
389,safari,png,301.0,71,2041,97.0
390,opera,jpeg,424.7,7.9,352,167.2
391,chrome,jpeg,231.1,9.3,194,130.7
392,firefox,jpeg,210.0,8,213,153.0
393,edge_chromium,jpeg,178.4,8.8,186,85.8
394,brave,jpeg,227.0,8,231,120.0
395,safari,jpeg,299.0,42,447,58.0
396,opera,avif,517.2,7.8,432,156.5
397,chrome,avif,209.2,8.5,147,112.9
398,firefox,avif,162.0,8,191,106.0
399,edge_chromium,avif,197.1,8.5,165,126.3
400,brave,avif,267.0,7,181,160.0
401,safari,avif,297.0,9,408,60.0
402,opera,webp,409.0,8.5,328,158.2
403,chrome,webp,241.5,9.0,166,123.7
404,firefox,webp,188.0,9,203,126.0
405,edge_chromium,webp,622.2,16.8,544,295.7
406,brave,webp,223.0,9,232,82.0
407,safari,webp,301.0,83,438,97.0
408,opera,png,293.8,8.3,2069,76.6
409,chrome,png,386.4,12.8,1939,289.9
410,firefox,png,298.0,8,2147,238.0
411,edge_chromium,png,244.6,8.2,2079,178.2
412,brave,png,232.0,9,2192,110.0
413,safari,png,265.0,22,2082,62.0
414,opera,jpeg,430.1,8.5,411,158.1
415,chrome,jpeg,203.1,8.9,249,107.0
416,firefox,jpeg,168.0,8,314,104.0
417,edge_chromium,jpeg,374.5,19.6,272,284.7
418,brave,jpeg,289.0,8,271,185.0
419,safari,jpeg,302.0,82,498,93.0
420,opera,avif,302.2,9,347,48.6
421,chrome,avif,227.9,9.2,219,128.6
422,firefox,avif,193.0,8,230,129.0
423,edge_chromium,avif,145.3,9.1,188,57.5
424,brave,avif,300.0,8,209,209.0
425,safari,avif,308.0,34,479,57.0
426,opera,webp,435.8,9.9,406,169.2
427,chrome,webp,219.3,8.8,207,127.4
428,firefox,webp,177.0,7,239,122.0
429,edge_chromium,webp,243.7,8.5,203,151.1
430,brave,webp,276.0,7,230,184.0
431,safari,webp,271.0,9,432,60.0
432,opera,png,304.8,8.4,2547,60.9
433,chrome,png,384.0,13.0,2444,283.5
434,firefox,png,344.0,14,2369,288.0
435,edge_chromium,png,225.4,9.4,2489,165.4
436,brave,png,250.0,9,2426,112.0
437,safari,png,316.0,110,2485,117.0
438,opera,jpeg,339.5,8.3,421,77.7
439,chrome,jpeg,182.7,10.1,264,71.0
440,firefox,jpeg,182.0,8,278,130.0
441,edge_chromium,jpeg,167.7,8.5,247,65.3
442,brave,jpeg,268.0,8,327,128.0
443,safari,jpeg,292.0,78,501,93.0
444,opera,avif,298.3,9.1,345,80.4
445,chrome,avif,241.0,8.4,206,146.5
446,firefox,avif,332.0,11,209,281.0
447,edge_chromium,avif,361.3,14.9,186,284.3
448,brave,avif,201.0,9,268,58.0
449,safari,avif,301.0,67,471,91.0
450,opera,webp,423.2,8.6,371,184.2
451,chrome,webp,473.7,8.0,265,368.6
452,firefox,webp,453.0,9,260,380.0
453,edge_chromium,webp,193.2,9.4,233,129.6
454,brave,webp,247.0,9,280,88.0
455,safari,webp,338.0,123,536,130.0
456,opera,png,355.9,9.2,1540,73.4
457,chrome,png,156.4,8.1,1424,62.5
458,firefox,png,339.0,14,1311,282.0
459,edge_chromium,png,271.3,9.3,1276,201.6
460,brave,png,258.0,9,1811,141.0
461,safari,png,294.0,50,1495,58.0
462,opera,jpeg,430.1,8.4,319,183.3
463,chrome,jpeg,257.1,8.7,152,145.7
464,firefox,jpeg,213.0,7,184,151.0
465,edge_chromium,jpeg,159.2,10.0,155,98.1
466,brave,jpeg,418.0,23,194,294.0
467,safari,jpeg,292.0,63,417,90.0
468,opera,avif,343.6,8.5,268,87.4
469,chrome,avif,377.4,11.5,129,279.1
470,firefox,avif,336.0,11,127,283.0
471,edge_chromium,avif,280.4,8.0,139,215.7
472,brave,avif,310.0,8,141,196.0
473,safari,avif,306.0,60,418,96.0
474,opera,webp,319.8,10.7,286,83.8
475,chrome,webp,391.2,23.3,159,290.8
476,firefox,webp,362.0,22,165,296.0
477,edge_chromium,webp,164.3,8.5,116,73.2
478,brave,webp,216.0,8,138,126.0
479,safari,webp,300.0,43,375,61.0
480,opera,png,387.4,8.9,1886,92.5
481,chrome,png,255.7,8.6,1776,167.6
482,firefox,png,244.0,9,1828,175.0
483,edge_chromium,png,200.0,8.3,1797,106.5
484,brave,png,388.0,12,1838,284.0
485,safari,png,335.0,120,1985,124.0
486,opera,jpeg,428.5,8.5,315,172.4
487,chrome,jpeg,237.7,6.7,163,145.9
488,firefox,jpeg,216.0,10,185,152.0
489,edge_chromium,jpeg,183.4,8.6,145,81.6
490,brave,jpeg,322.0,10,185,226.0
491,safari,jpeg,337.0,123,461,126.0
492,opera,avif,425.6,9.4,245,179.1
493,chrome,avif,240.0,9.0,109,133.8
494,firefox,avif,197.0,8,148,137.0
495,edge_chromium,avif,174.4,8.3,126,71.6
496,brave,avif,322.0,8,168,218.0
497,safari,avif,267.0,29,362,60.0
498,opera,webp,256.4,7.4,282,14.5
499,chrome,webp,202.7,8.1,120,111.5
500,firefox,webp,176.0,8,147,116.0
501,edge_chromium,webp,179.6,8.2,145,48.7
502,brave,webp,296.0,9,144,199.0
503,safari,webp,318.0,91,393,94.0
504,opera,png,309.3,8.9,1625,53.0
505,chrome,png,229.9,9.2,1515,106.3
506,firefox,png,272.0,8,1526,212.0
507,edge_chromium,png,147.3,8.1,1499,35.9
508,brave,png,224.0,9,1585,94.0
509,safari,png,305.0,8,1777,61.0
510,opera,jpeg,307.9,8.4,319,62.6
511,chrome,jpeg,236.1,9.3,173,140.2
512,firefox,jpeg,556.0,181,516,368.0
513,edge_chromium,jpeg,251.4,8.5,157,157.0
514,brave,jpeg,284.0,10,267,83.0
515,safari,jpeg,303.0,79,419,96.0
516,opera,avif,282.7,8.7,290,55.1
517,chrome,avif,323.0,8.7,132,219.2
518,firefox,avif,272.0,9,156,213.0
519,edge_chromium,avif,209.9,6.1,163,135.3
520,brave,avif,223.0,7,223,64.0
521,safari,avif,302.0,39,397,62.0
522,opera,webp,322.4,8.5,291,67.6
523,chrome,webp,214.5,8.7,126,139.2
524,firefox,webp,351.0,13,154,284.0
525,edge_chromium,webp,164.6,8.3,121,70.3
526,brave,webp,250.0,7,155,107.0
527,safari,webp,325.0,108,412,111.0
528,opera,png,487.2,9.8,2038,212.2
529,chrome,png,125.5,8.9,1925,36.8
530,firefox,png,126.0,9,1859,62.0
531,edge_chromium,png,188.5,8.3,1869,90.3
532,brave,png,265.0,9,2044,124.0
533,safari,png,264.0,32,2315,60.0
534,opera,jpeg,458.5,9,380,166.7
535,chrome,jpeg,225.1,9.0,189,122.6
536,firefox,jpeg,205.0,9,227,137.0
537,edge_chromium,jpeg,164.0,7.2,242,67.0
538,brave,jpeg,290.0,7,213,197.0
539,safari,jpeg,309.0,100,471,103.0
540,opera,avif,420.5,8.6,327,160.4
541,chrome,avif,182.5,9.4,154,116.9
542,firefox,avif,176.0,8,182,125.0
543,edge_chromium,avif,134.5,8.5,166,52.8
544,brave,avif,279.0,9,168,193.0
545,safari,avif,301.0,87,423,96.0
546,opera,webp,463.5,8.5,373,170.5
547,chrome,webp,212.5,7.1,168,123.5
548,firefox,webp,173.0,9,213,110.0
549,edge_chromium,webp,225.8,9.4,176,139.2
550,brave,webp,475.0,9,192,357.0
551,safari,webp,293.0,72,425,93.0
552,opera,png,321.5,9,2140,60.2
553,chrome,png,235.5,8.7,2031,127.2
554,firefox,png,194.0,8,2075,130.0
555,edge_chromium,png,230.9,9.9,1968,170.3
556,brave,png,218.0,8,2040,106.0
557,safari,png,301.0,100,2315,106.0
558,opera,jpeg,329.7,8.7,369,61.4
559,chrome,jpeg,220.4,8.9,208,123.1
560,firefox,jpeg,190.0,9,234,123.0
561,edge_chromium,jpeg,348.4,15.6,204,286.6
562,brave,jpeg,281.0,8,248,173.0
563,safari,jpeg,302.0,64,453,94.0
564,opera,avif,465.4,8.7,320,177.1
565,chrome,avif,244.9,8.5,151,147.9
566,firefox,avif,407.0,10,169,356.0
567,edge_chromium,avif,345.6,10.2,180,282.1
568,brave,avif,220.0,7,204,98.0
569,safari,avif,307.0,73,424,95.0
570,opera,webp,442.0,7.9,336,185.7
571,chrome,webp,259.0,8.5,166,141.8
572,firefox,webp,203.0,8,174,151.0
573,edge_chromium,webp,188.4,8.7,162,74.7
574,brave,webp,292.0,7,210,109.0
575,safari,webp,333.0,116,439,120.0
576,opera,png,527.9,9.3,2502,276.1
577,chrome,png,626.8,8.3,4232,228.7
578,firefox,png,339.0,12,2164,285.0
579,edge_chromium,png,222.2,7.1,2071,161.0
580,brave,png,215.0,8,2217,84.0
581,safari,png,301.0,80,2404,100.0
582,opera,jpeg,322.3,9,360,54.4
583,chrome,jpeg,322.6,8.8,202,216.4
584,firefox,jpeg,265.0,10,232,212.0
585,edge_chromium,jpeg,201.8,9.1,205,141.3
586,brave,jpeg,208.0,8,285,72.0
587,safari,jpeg,300.0,102,459,109.0
588,opera,avif,343.7,8.6,328,54.9
589,chrome,avif,317.5,9.3,153,216.7
590,firefox,avif,277.0,9,191,210.0
591,edge_chromium,avif,204.6,8.5,178,138.9
592,brave,avif,390.0,10,158,291.0
593,safari,avif,300.0,91,423,95.0
594,opera,webp,350.3,8.3,320,56.3
595,chrome,webp,398.7,24.6,173,301.2
596,firefox,webp,93.0,9,184,39.0
597,edge_chromium,webp,228.8,8.6,172,150.8
598,brave,webp,283.0,10,268,92.0
599,safari,webp,301.0,92,403,96.0
600,opera,png,443.7,8.9,2003,179.6
601,chrome,png,228.2,8.9,1686,148.5
602,firefox,png,96.0,8,1770,40.0
603,edge_chromium,png,191.1,8.7,1696,83.0
604,brave,png,325.0,8,1907,221.0
605,safari,png,340.0,125,2028,130.0
606,opera,jpeg,311.2,8.2,346,57.3
607,chrome,jpeg,229.5,8.9,182,137.3
608,firefox,jpeg,194.0,9,214,135.0
609,edge_chromium,jpeg,177.7,8.8,177,66.9
610,brave,jpeg,229.0,8,203,119.0
611,safari,jpeg,306.0,34,446,62.0
612,opera,avif,346.7,8.9,333,65.4
613,chrome,avif,237.1,9.1,136,136.2
614,firefox,avif,86.0,9,159,33.0
615,edge_chromium,avif,369.3,9.9,153,276.9
616,brave,avif,271.0,9,155,185.0
617,safari,avif,270.0,8,380,63.0
618,opera,webp,438.4,8.6,316,168.7
619,chrome,webp,228.6,7.6,158,133.8
620,firefox,webp,191.0,8,191,130.0
621,edge_chromium,webp,538.6,9.5,145,462.8
622,brave,webp,199.0,9,158,83.0
623,safari,webp,308.0,58,418,65.0
624,opera,png,447.2,9.6,2164,197.2
625,chrome,png,272.3,10.5,2021,166.0
626,firefox,png,233.0,9,2172,167.0
627,edge_chromium,png,191.8,8.6,1940,90.6
628,brave,png,247.0,8,2458,111.0
629,safari,png,311.0,107,2353,114.0
630,opera,jpeg,485.9,8.8,392,171.8
631,chrome,jpeg,239.9,8.7,199,144.1
632,firefox,jpeg,104.0,10,243,41.0
633,edge_chromium,jpeg,359.2,12.0,198,275.9
634,brave,jpeg,221.0,9,250,97.0
635,safari,jpeg,305.0,94,462,101.0
636,opera,avif,305.5,9.6,311,63.1
637,chrome,avif,243.5,10.1,156,134.1
638,firefox,avif,194.0,9,186,126.0
639,edge_chromium,avif,142.3,8.0,168,52.1
640,brave,avif,226.0,8,199,95.0
641,safari,avif,295.0,89,407,95.0
642,opera,webp,558.2,8.8,435,170.6
643,chrome,webp,230.2,9.2,166,136.5
644,firefox,webp,202.0,8,193,135.0
645,edge_chromium,webp,183.2,8.2,150,65.3
646,brave,webp,169.0,9,242,41.0
647,safari,webp,303.0,9,403,60.0
648,opera,png,320.8,8.4,2456,50.5
649,chrome,png,533.8,7.6,2200,432.9
650,firefox,png,185.0,9,2461,120.0
651,edge_chromium,png,221.0,7.8,2149,159.6
652,brave,png,256.0,10,2286,103.0
653,safari,png,300.0,58,2488,61.0
654,opera,jpeg,316.3,8.9,381,82.6
655,chrome,jpeg,352.4,9.4,241,245.6
656,firefox,jpeg,335.0,12,295,282.0
657,edge_chromium,jpeg,257.6,6.9,225,164.5
658,brave,jpeg,252.0,9,301,105.0
659,safari,jpeg,322.0,117,506,122.0
660,opera,avif,311.7,8.8,328,67.9
661,chrome,avif,394.7,22.6,195,298.4
662,firefox,avif,219.0,13,213,157.0
663,edge_chromium,avif,247.6,8.5,191,187.8
664,brave,avif,240.0,9,222,127.0
665,safari,avif,277.0,31,416,49.0
666,opera,webp,348.9,9.8,340,60.5
667,chrome,webp,228.2,9.9,187,119.5
668,firefox,webp,110.0,7,208,47.0
669,edge_chromium,webp,215.9,9.3,185,152.1
670,brave,webp,240.0,9,230,84.0
671,safari,webp,296.0,74,431,95.0
672,opera,png,336.1,9.8,2242,93.0
673,chrome,png,233.6,8.2,2148,170.7
674,firefox,png,209.0,9,2118,159.0
675,edge_chromium,png,194.9,9.1,2183,80.8
676,brave,png,397.0,7,2194,319.0
677,safari,png,305.0,98,2267,105.0
678,opera,jpeg,427.6,10.2,399,172.7
679,chrome,jpeg,325.6,9.1,233,224.5
680,firefox,jpeg,191.0,9,279,139.0
681,edge_chromium,jpeg,165.5,8.6,245,72.2
682,brave,jpeg,322.0,10,273,208.0
683,safari,jpeg,303.0,74,513,93.0
684,opera,avif,432.1,10.1,355,170.6
685,chrome,avif,207.8,7.9,188,125.9
686,firefox,avif,253.0,8,215,200.0
687,edge_chromium,avif,203.4,9.7,211,142.4
688,brave,avif,271.0,13,263,79.0
689,safari,avif,295.0,54,453,60.0
690,opera,webp,328.7,9,396,67.4
691,chrome,webp,396.8,11.5,258,289.3
692,firefox,webp,283.0,8,221,221.0
693,edge_chromium,webp,240.5,7.0,197,148.4
694,brave,webp,195.0,7,234,83.0
695,safari,webp,297.0,77,457,95.0
696,opera,png,400.5,8.6,2054,84.9
697,chrome,png,172.2,7.8,1913,41.8
698,firefox,png,207.0,9,1908,147.0
699,edge_chromium,png,195.2,8.4,1866,72.0
700,brave,png,325.0,9,1927,221.0
701,safari,png,346.0,130,2056,133.0
702,opera,jpeg,405.7,9.9,341,174.0
703,chrome,jpeg,427.7,10.5,233,352.4
704,firefox,jpeg,219.0,6,222,154.0
705,edge_chromium,jpeg,197.7,9.0,191,73.5
706,brave,jpeg,356.0,9,224,217.0
707,safari,jpeg,300.0,7,446,60.0
708,opera,avif,475.2,7.9,334,160.7
709,chrome,avif,226.9,8.5,140,123.4
710,firefox,avif,196.0,9,177,134.0
711,edge_chromium,avif,147.7,8.7,148,61.4
712,brave,avif,331.0,8,186,216.0
713,safari,avif,267.0,31,381,62.0
714,opera,webp,290.4,8.9,314,67.7
715,chrome,webp,397.0,12.5,151,287.0
716,firefox,webp,130.0,9,183,63.0
717,edge_chromium,webp,173.5,8.8,145,104.7
718,brave,webp,374.0,10,166,288.0
719,safari,webp,293.0,66,418,94.0
720,opera,png,276.1,7.8,1828,67.1
721,chrome,png,135.6,7.8,1897,29.1
722,firefox,png,209.0,10,2051,142.0
723,edge_chromium,png,240.0,8.1,1908,185.3
724,brave,png,232.0,7,1927,130.0
725,safari,png,295.0,9,2073,59.0
726,opera,jpeg,105.5,undefined,314,104.8
727,chrome,jpeg,245.8,8.8,192,139.6
728,firefox,jpeg,345.0,17,217,289.0
729,edge_chromium,jpeg,197.8,6.6,193,94.8
730,brave,jpeg,237.0,8,227,135.0
731,safari,jpeg,272.0,15,430,64.0
732,opera,avif,109.0,undefined,258,92.1
733,chrome,avif,384.9,12.6,132,290.3
734,firefox,avif,334.0,10,144,280.0
735,edge_chromium,avif,182.4,8.8,174,94.2
736,brave,avif,239.0,8,151,150.0
737,safari,avif,305.0,15,407,62.0
738,opera,webp,111.4,undefined,266,86.9
739,chrome,webp,407.3,13.1,151,284.6
740,firefox,webp,186.0,6,183,123.0
741,edge_chromium,webp,132.2,8.2,136,55.2
742,brave,webp,212.0,9,205,79.0
743,safari,webp,302.0,88,409,97.0
744,opera,png,101.7,undefined,1768,130.3
745,chrome,png,259.8,7.9,1694,181.3
746,firefox,png,251.0,8,1785,187.0
747,edge_chromium,png,199.3,8.2,1967,122.9
748,brave,png,189.0,9,1708,70.0
749,safari,png,306.0,68,1828,99.0
750,opera,jpeg,121.2,undefined,324,93.8
751,chrome,jpeg,225.5,8.6,199,133.2
752,firefox,jpeg,200.0,9,217,133.0
753,edge_chromium,jpeg,152.6,9.3,189,29.3
754,brave,jpeg,284.0,9,240,117.0
755,safari,jpeg,294.0,8,448,59.0
756,opera,avif,111.1,undefined,243,109.4
757,chrome,avif,405.6,12.4,157,286.2
758,firefox,avif,193.0,8,173,136.0
759,edge_chromium,avif,354.1,11.4,157,274.3
760,brave,avif,305.0,10,163,210.0
761,safari,avif,297.0,50,397,60.0
762,opera,webp,109.6,undefined,275,84.4
763,chrome,webp,229.0,8.7,153,129.8
764,firefox,webp,192.0,7,182,129.0
765,edge_chromium,webp,204.1,8.6,154,65.7
766,brave,webp,315.0,8,183,222.0
767,safari,webp,335.0,122,440,128.0
768,opera,png,123.1,undefined,1262,41.4
769,chrome,png,254.0,9.0,1151,140.6
770,firefox,png,217.0,8,1195,156.0
771,edge_chromium,png,188.2,8.3,1223,82.8
772,brave,png,253.0,10,1231,129.0
773,safari,png,389.0,7,1452,61.0
774,opera,jpeg,182.3,undefined,280,93.5
775,chrome,jpeg,395.1,11.4,164,287.1
776,firefox,jpeg,313.0,8,203,254.0
777,edge_chromium,jpeg,175.3,8.3,159,81.4
778,brave,jpeg,250.0,8,173,128.0
779,safari,jpeg,303.0,60,419,94.0
780,opera,avif,110.6,undefined,253,84.2
781,chrome,avif,238.5,10.0,140,137.5
782,firefox,avif,1036.0,7,158,975.0
783,edge_chromium,avif,377.9,10.1,140,306.5
784,brave,avif,388.0,13,162,286.0
785,safari,avif,298.0,29,400,64.0
786,opera,webp,108.7,undefined,255,216.2
787,chrome,webp,216.8,9.2,143,148.8
788,firefox,webp,411.0,10,174,349.0
789,edge_chromium,webp,199.4,9.8,139,82.2
790,brave,webp,231.0,9,182,121.0
791,safari,webp,367.0,127,477,132.0
792,opera,png,131.3,undefined,2107,104.0
793,chrome,png,240.6,8.1,2106,135.2
794,firefox,png,346.0,15,2549,283.0
795,edge_chromium,png,257.4,9.8,2576,188.1
796,brave,png,223.0,10,2118,122.0
797,safari,png,344.0,128,2838,137.0
798,opera,jpeg,107.4,undefined,327,61.5
799,chrome,jpeg,213.9,8.5,192,105.5
800,firefox,jpeg,164.0,10,215,115.0
801,edge_chromium,jpeg,250.0,8.2,197,156.8
802,brave,jpeg,236.0,10,241,97.0
803,safari,jpeg,318.0,112,497,119.0
804,opera,avif,100.7,undefined,282,113.7
805,chrome,avif,194.7,9.7,189,62.2
806,firefox,avif,144.0,10,180,69.0
807,edge_chromium,avif,198.5,9.0,171,125.7
808,brave,avif,247.0,9,244,64.0
809,safari,avif,299.0,68,413,95.0
810,opera,webp,112.1,undefined,263,94.1
811,chrome,webp,241.7,8.4,147,144.4
812,firefox,webp,222.0,9,174,156.0
813,edge_chromium,webp,385.0,12.2,167,308.4
814,brave,webp,334.0,7,246,136.0
815,safari,webp,302.0,49,407,59.0
816,opera,png,134.6,undefined,2274,68.8
817,chrome,png,168.8,8.3,2179,62.3
818,firefox,png,238.0,8,2120,178.0
819,edge_chromium,png,219.6,8.8,2449,125.6
820,brave,png,265.0,9,2715,157.0
821,safari,png,304.0,51,2464,65.0
822,opera,jpeg,121.9,undefined,356,282.8
823,chrome,jpeg,233.9,8.1,293,121.0
824,firefox,jpeg,342.0,10,268,282.0
825,edge_chromium,jpeg,254.3,8.9,241,197.5
826,brave,jpeg,218.0,9,258,128.0
827,safari,jpeg,263.0,16,457,61.0
828,opera,avif,133.8,undefined,302,84.4
829,chrome,avif,196.5,8.2,194,108.9
830,firefox,avif,171.0,9,225,118.0
831,edge_chromium,avif,201.4,5.7,203,139.1
832,brave,avif,314.0,8,318,92.0
833,safari,avif,342.0,16,496,61.0
834,opera,webp,126.3,undefined,329,94.2
835,chrome,webp,194.9,8.7,206,126.7
836,firefox,webp,103.0,9,217,51.0
837,edge_chromium,webp,208.9,9.2,206,76.8
838,brave,webp,212.0,8,231,113.0
839,safari,webp,302.0,35,470,60.0
840,opera,png,164.4,undefined,1632,188.1
841,chrome,png,232.4,9.7,1557,121.1
842,firefox,png,179.0,9,1699,124.0
843,edge_chromium,png,190.9,8.5,1611,76.7
844,brave,png,225.0,8,2010,125.0
845,safari,png,299.0,29,1767,61.0
846,opera,jpeg,117.1,undefined,299,209.2
847,chrome,jpeg,245.4,8.5,180,145.1
848,firefox,jpeg,117.0,8,217,66.0
849,edge_chromium,jpeg,188.9,7.9,173,103.1
850,brave,jpeg,216.0,8,187,80.0
851,safari,jpeg,302.0,61,439,94.0
852,opera,avif,97.6,undefined,263,84.6
853,chrome,avif,242.0,7.8,135,137.9
854,firefox,avif,353.0,17,180,290.0
855,edge_chromium,avif,196.0,8.5,159,77.4
856,brave,avif,237.0,8,186,127.0
857,safari,avif,346.0,126,429,130.0
858,opera,webp,81.1,undefined,265,100.5
859,chrome,webp,404.3,13.7,154,286.7
860,firefox,webp,118.0,8,180,61.0
861,edge_chromium,webp,202.7,8.6,145,92.2
862,brave,webp,282.0,8,154,154.0
863,safari,webp,297.0,59,396,62.0
864,opera,png,107.8,undefined,1706,105.9
865,chrome,png,137.7,9.2,1573,44.8
866,firefox,png,121.0,9,1873,65.0
867,edge_chromium,png,179.8,8.5,1668,101.4
868,brave,png,259.0,8,1711,131.0
869,safari,png,263.0,15,1699,61.0
870,opera,jpeg,151.3,undefined,275,91.8
871,chrome,jpeg,240.7,8.5,173,133.3
872,firefox,jpeg,342.0,13,184,286.0
873,edge_chromium,jpeg,190.6,8.7,160,84.5
874,brave,jpeg,235.0,7,196,121.0
875,safari,jpeg,264.0,8,383,62.0
876,opera,avif,92.5,undefined,232,101.7
877,chrome,avif,221.0,9.3,135,131.6
878,firefox,avif,223.0,8,153,155.0
879,edge_chromium,avif,160.7,8.3,163,87.1
880,brave,avif,222.0,8,152,131.0
881,safari,avif,371.0,16,453,62.0
882,opera,webp,142.0,undefined,263,118.0
883,chrome,webp,250.1,8.2,136,145.2
884,edge_chromium,webp,256.6,8.4,136,193.2
885,brave,webp,232.0,8,165,120.0
886,safari,webp,256.0,7,351,60.0
887,opera,png,134.9,undefined,1792,107.6
888,chrome,png,210.6,8.7,1931,78.8
889,firefox,png,202.0,8,2012,148.0
890,edge_chromium,png,219.3,8.6,1679,78.5
891,brave,png,197.0,7,1753,43.0
892,safari,png,291.0,9,1930,58.0
893,opera,jpeg,109.1,undefined,295,219.2
894,chrome,jpeg,195.6,8.5,207,43.6
895,firefox,jpeg,110.0,8,211,63.0
896,edge_chromium,jpeg,190.2,8.2,207,100.9
897,brave,jpeg,198.0,8,209,44.0
898,safari,jpeg,296.0,99,444,103.0
899,opera,avif,109.2,undefined,270,104.7
900,chrome,avif,134.8,8.7,138,25.1
901,firefox,avif,112.0,9,174,69.0
902,edge_chromium,avif,194.6,8.7,173,112.3
903,brave,avif,250.0,9,160,163.0
904,safari,avif,294.0,8,413,60.0
905,opera,webp,99.9,undefined,277,99.8
906,chrome,webp,249.8,8.5,151,147.4
907,firefox,webp,203.0,9,182,160.0
908,edge_chromium,webp,200.3,8.3,199,95.0
909,brave,webp,259.0,8,182,146.0
910,safari,webp,296.0,99,427,102.0
911,opera,png,136.2,undefined,1820,107.3
912,chrome,png,258.8,8.3,1626,156.3
913,firefox,png,144.0,9,1668,85.0
914,edge_chromium,png,294.2,8.6,1887,232.8
915,brave,png,206.0,8,1743,72.0
916,safari,png,335.0,127,1945,130.0
917,opera,jpeg,117.6,undefined,294,197.5
918,chrome,jpeg,231.8,8.8,177,132.0
919,firefox,jpeg,203.0,9,176,151.0
920,edge_chromium,jpeg,180.4,8.0,185,105.7
921,brave,jpeg,392.0,14,192,286.0
922,safari,jpeg,301.0,103,442,105.0
923,opera,avif,97.5,undefined,243,113.9
924,chrome,avif,184.2,9.0,136,62.8
925,firefox,avif,135.0,10,152,74.0
926,edge_chromium,avif,290.1,7.4,181,215.8
927,brave,avif,238.0,10,148,157.0
928,safari,avif,298.0,80,384,94.0
929,opera,webp,103.5,undefined,258,110.1
930,chrome,webp,255.4,7.0,144,155.2
931,firefox,webp,229.0,9,178,181.0
932,edge_chromium,webp,229.6,6.8,170,105.4
933,brave,webp,252.0,9,163,159.0
934,safari,webp,301.0,78,403,98.0
935,opera,png,145.2,undefined,2322,295.0
936,chrome,png,270.6,8.7,2113,173.4
937,firefox,png,136.0,14,2075,85.0
938,edge_chromium,png,178.8,9.0,2033,119.6
939,brave,png,231.0,9,2113,82.0
940,safari,png,291.0,39,2279,57.0
941,opera,jpeg,113.6,undefined,391,108.2
942,chrome,jpeg,260.7,9.5,245,154.8
943,firefox,jpeg,117.0,10,238,73.0
944,edge_chromium,jpeg,193.8,8.0,241,108.2
945,brave,jpeg,235.0,9,256,143.0
946,safari,jpeg,297.0,97,484,103.0
947,opera,avif,101.1,undefined,298,108.5
948,chrome,avif,230.5,9.6,179,157.2
949,firefox,avif,411.0,7,176,362.0
950,edge_chromium,avif,180.7,9.7,202,103.5
951,brave,avif,368.0,12,184,288.0
952,safari,avif,294.0,97,433,103.0
953,opera,webp,103.6,undefined,302,109.4
954,chrome,webp,252.4,8.6,190,154.3
955,firefox,webp,209.0,10,213,160.0
956,edge_chromium,webp,189.9,9.6,191,95.7
957,brave,webp,231.0,9,218,131.0
958,safari,webp,292.0,43,450,58.0
959,opera,png,135.4,undefined,1765,106.0
960,chrome,png,229.9,9.7,1461,158.8
961,firefox,png,217.0,10,1455,164.0
962,edge_chromium,png,211.0,8.6,1396,120.3
963,brave,png,196.0,9,1386,61.0
964,safari,png,292.0,92,1686,98.0
965,opera,jpeg,117.4,undefined,330,117.7
966,chrome,jpeg,188.3,9.5,207,77.1
967,firefox,jpeg,136.0,9,218,82.0
968,edge_chromium,jpeg,316.7,8.5,210,231.7
969,brave,jpeg,269.0,7,231,187.0
970,safari,jpeg,319.0,116,492,121.0
971,opera,avif,111.2,undefined,323,100.9
972,chrome,avif,254.1,9.6,165,153.2
973,firefox,avif,203.0,9,199,156.0
974,edge_chromium,avif,159.5,8.5,202,19.7
975,brave,avif,234.0,9,191,139.0
976,safari,avif,300.0,103,440,110.0
977,opera,webp,110.9,undefined,284,103.1
978,chrome,webp,366.8,9.3,174,255.8
979,firefox,webp,112.0,9,188,64.0
980,edge_chromium,webp,177.5,8.8,178,107.3
981,brave,webp,249.0,10,201,160.0
982,safari,webp,297.0,90,428,95.0
983,opera,png,123.2,undefined,2120,103.3
984,chrome,png,255.3,9.5,2197,154.9
985,firefox,png,126.0,10,2190,72.0
986,edge_chromium,png,232.3,9.1,2143,89.7
987,brave,png,228.0,7,2227,149.0
988,safari,png,301.0,9,2362,61.0
989,opera,jpeg,105.3,undefined,345,110.6
990,chrome,jpeg,249.0,6.5,235,158.8
991,firefox,jpeg,204.0,10,254,161.0
992,edge_chromium,jpeg,191.0,9.2,247,113.3
993,brave,jpeg,195.0,7,236,69.0
994,safari,jpeg,301.0,80,469,93.0
995,opera,avif,105.6,undefined,317,108.8
996,chrome,avif,247.2,9.0,200,152.5
997,firefox,avif,220.0,9,224,173.0
998,edge_chromium,avif,204.5,9.4,194,120.5
999,brave,avif,387.0,22,230,294.0
1000,safari,avif,265.0,9,433,57.0
1001,opera,webp,102.7,undefined,329,97.6
1002,chrome,webp,428.5,11.1,210,286.7
1003,firefox,webp,207.0,8,233,151.0
1004,edge_chromium,webp,202.8,8.4,199,91.6
1005,brave,webp,240.0,8,224,152.0
1006,safari,webp,294.0,84,470,92.0
1007,opera,png,109.8,undefined,1998,100.2
1008,chrome,png,355.7,12.1,1916,281.7
1009,firefox,png,200.0,10,2190,152.0
1010,edge_chromium,png,255.2,9.5,2323,190.8
1011,brave,png,230.0,8,1932,137.0
1012,safari,png,293.0,65,2069,92.0
1013,opera,jpeg,99.7,undefined,307,190.7
1014,chrome,jpeg,253.3,8.7,192,150.0
1015,firefox,jpeg,205.0,10,185,153.0
1016,edge_chromium,jpeg,277.8,9.7,419,184.3
1017,brave,jpeg,400.0,12,191,284.0
1018,safari,jpeg,294.0,71,418,91.0
1019,opera,avif,117.4,undefined,269,105.6
1020,chrome,avif,385.1,8.8,157,279.5
1021,firefox,avif,113.0,11,154,74.0
1022,edge_chromium,avif,198.7,9.8,186,102.3
1023,brave,avif,256.0,9,182,158.0
1024,safari,avif,303.0,95,388,101.0
1025,opera,webp,102.7,undefined,265,90.5
1026,chrome,webp,237.6,8.6,142,136.4
1027,firefox,webp,195.0,8,177,137.0
1028,edge_chromium,webp,211.2,8.5,153,77.7
1029,brave,webp,308.0,8,163,223.0
1030,safari,webp,293.0,38,400,60.0
1031,opera,png,108.0,undefined,2573,103.4
1032,chrome,png,430.2,22.9,2426,290.9
1033,firefox,png,195.0,8,2388,153.0
1034,edge_chromium,png,287.4,6.5,2262,192.2
1035,brave,png,237.0,9,2292,146.0
1036,safari,png,319.0,106,2455,111.0
1037,opera,jpeg,106.5,undefined,381,203.6
1038,chrome,jpeg,243.6,8.4,279,136.5
1039,firefox,jpeg,224.0,10,278,160.0
1040,edge_chromium,jpeg,178.8,8.8,274,110.4
1041,brave,jpeg,366.0,8,300,260.0
1042,safari,jpeg,292.0,67,557,91.0
1043,opera,avif,101.4,undefined,358,103.5
1044,chrome,avif,228.1,7.1,232,135.5
1045,firefox,avif,342.0,20,224,291.0
1046,edge_chromium,avif,258.1,8.1,180,187.7
1047,brave,avif,225.0,9,255,120.0
1048,safari,avif,290.0,9,481,60.0
1049,opera,webp,108.2,undefined,343,215.6
1050,chrome,webp,264.5,8.1,230,155.3
1051,firefox,webp,124.0,8,254,68.0
1052,edge_chromium,webp,412.8,9.7,212,315.7
1053,brave,webp,238.0,9,237,159.0
1054,safari,webp,294.0,82,500,91.0
1055,opera,png,108.3,undefined,1637,284.2
1056,chrome,png,241.9,8.4,1978,86.5
1057,firefox,png,255.0,8,1611,199.0
1058,edge_chromium,png,200.8,9.0,1687,134.7
1059,brave,png,223.0,8,1665,99.0
1060,safari,png,338.0,129,1831,132.0
1061,opera,jpeg,106.4,undefined,308,113.9
1062,chrome,jpeg,375.3,11.5,179,286.3
1063,firefox,jpeg,127.0,8,196,72.0
1064,edge_chromium,jpeg,175.6,8.2,173,115.9
1065,brave,jpeg,259.0,9,203,177.0
1066,safari,jpeg,329.0,119,476,124.0
1067,opera,avif,84.1,undefined,269,220.4
1068,chrome,avif,261.4,8.5,151,167.2
1069,firefox,avif,116.0,9,162,65.0
1070,edge_chromium,avif,168.6,7.7,184,108.5
1071,brave,avif,404.0,8,159,292.0
1072,safari,avif,325.0,115,447,119.0
1073,opera,webp,147.2,undefined,277,73.9
1074,chrome,webp,233.7,8.7,164,121.5
1075,firefox,webp,174.0,6,195,125.0
1076,edge_chromium,webp,160.9,8.5,151,73.3
1077,brave,webp,250.0,8,217,126.0
1078,safari,webp,290.0,50,401,61.0
1079,opera,png,125.0,undefined,1803,111.3
1080,chrome,png,389.3,13.3,1808,280.4
1081,firefox,png,110.0,8,1871,60.0
1082,edge_chromium,png,256.1,8.4,1799,198.8
1083,brave,png,237.0,9,1769,144.0
1084,safari,png,300.0,9,1932,60.0
1085,opera,jpeg,104.1,undefined,324,213.5
1086,chrome,jpeg,132.9,8.7,213,60.9
1087,firefox,jpeg,88.0,7,226,40.0
1088,edge_chromium,jpeg,386.2,7.5,224,329.6
1089,brave,jpeg,219.0,9,259,71.0
1090,safari,jpeg,319.0,108,465,113.0
1091,opera,avif,97.4,undefined,282,101.8
1092,chrome,avif,384.4,12.0,158,280.0
1093,firefox,avif,111.0,9,177,65.0
1094,edge_chromium,avif,214.7,9.1,175,157.2
1095,brave,avif,187.0,8,166,108.0
1096,safari,avif,262.0,8,505,51.0
1097,opera,webp,75.8,undefined,245,128.7
1098,chrome,webp,151.9,8.4,163,67.6
1099,firefox,webp,126.0,8,175,86.0
1100,edge_chromium,webp,288.9,8.3,153,232.8
1101,brave,webp,178.0,9,188,99.0
1102,safari,webp,255.0,39,467,51.0
1103,opera,png,167.3,undefined,1726,93.5
1104,chrome,png,277.2,10.2,1595,181.7
1105,firefox,png,101.0,8,1611,46.0
1106,edge_chromium,png,216.6,8.5,1657,141.4
1107,brave,png,216.0,8,1648,82.0
1108,safari,png,345.0,122,1805,127.0
1109,opera,jpeg,95.7,undefined,302,111.6
1110,chrome,jpeg,410.9,12.5,183,288.9
1111,firefox,jpeg,139.0,8,220,73.0
1112,edge_chromium,jpeg,211.1,8.7,206,123.5
1113,brave,jpeg,241.0,11,220,62.0
1114,safari,jpeg,316.0,102,465,106.0
1115,opera,avif,94.1,undefined,251,124.3
1116,chrome,avif,144.3,8.2,130,45.1
1117,firefox,avif,127.0,8,148,85.0
1118,edge_chromium,avif,216.5,8.8,223,113.8
1119,brave,avif,394.0,20,155,299.0
1120,safari,avif,314.0,104,423,108.0
1121,opera,webp,95.1,undefined,266,109.2
1122,chrome,webp,407.5,14.4,153,283.9
1123,firefox,webp,207.0,9,157,162.0
1124,edge_chromium,webp,197.2,8.5,144,96.1
1125,brave,webp,189.0,8,190,63.0
1126,safari,webp,318.0,92,420,96.0
1127,opera,png,134.1,undefined,2076,93.1
1128,chrome,png,529.9,8.3,1901,440.9
1129,firefox,png,198.0,9,2166,146.0
1130,edge_chromium,png,283.6,9.5,1946,194.5
1131,brave,png,235.0,9,2167,147.0
1132,safari,png,306.0,8,2266,61.0
1133,opera,jpeg,104.5,undefined,327,193.5
1134,chrome,jpeg,250.1,7.4,227,150.3
1135,firefox,jpeg,226.0,10,245,171.0
1136,edge_chromium,jpeg,215.0,9.7,229,116.6
1137,brave,jpeg,212.0,10,234,64.0
1138,safari,jpeg,297.0,73,472,94.0
1139,opera,avif,92.9,undefined,306,116.1
1140,chrome,avif,446.0,21.0,194,292.2
1141,firefox,avif,510.0,11,195,471.0
1142,edge_chromium,avif,458.3,8.5,172,393.7
1143,brave,avif,224.0,9,190,140.0
1144,safari,avif,330.0,85,474,117.0
1145,opera,webp,117.1,undefined,294,221.0
1146,chrome,webp,278.2,10.1,190,166.3
1147,firefox,webp,228.0,9,208,167.0
1148,edge_chromium,webp,164.8,8.7,170,44.5
1149,brave,webp,252.0,10,207,162.0
1150,safari,webp,325.0,120,468,126.0
1151,opera,png,106.1,undefined,1884,188.2
1152,chrome,png,210.9,10.6,2313,111.6
1153,firefox,png,170.0,9,1873,127.0
1154,edge_chromium,png,176.4,21.1,1828,64.4
1155,brave,png,193.0,11,1930,102.0
1156,safari,png,301.0,47,2140,65.0
1157,opera,jpeg,108.6,undefined,312,96.8
1158,chrome,jpeg,383.2,14.6,205,282.4
1159,firefox,jpeg,211.0,10,219,147.0
1160,edge_chromium,jpeg,281.5,7.5,182,187.3
1161,brave,jpeg,231.0,8,218,136.0
1162,safari,jpeg,271.0,14,412,60.0
1163,opera,avif,99.5,undefined,293,204.9
1164,chrome,avif,480.5,6.8,151,361.6
1165,firefox,avif,220.0,8,191,163.0
1166,edge_chromium,avif,194.1,8.2,188,112.5
1167,brave,avif,194.0,8,201,59.0
1168,safari,avif,337.0,118,445,121.0
1169,opera,webp,115.7,undefined,283,74.2
1170,chrome,webp,202.7,8.8,170,104.2
1171,firefox,webp,162.0,9,191,109.0
1172,edge_chromium,webp,232.1,8.3,152,143.2
1173,brave,webp,214.0,9,177,84.0
1174,safari,webp,333.0,124,452,127.0
1175,opera,png,104.8,undefined,1601,105.2
1176,chrome,png,248.1,8.6,1552,144.5
1177,firefox,png,116.0,7,2123,61.0
1178,edge_chromium,png,290.9,7.9,1599,215.5
1179,brave,png,259.0,9,1468,164.0
1180,safari,png,300.0,8,1647,62.0
1181,opera,jpeg,119.8,undefined,298,194.9
1182,chrome,jpeg,232.9,9.1,187,150.3
1183,firefox,jpeg,122.0,7,184,74.0
1184,edge_chromium,jpeg,188.5,8.6,185,108.7
1185,brave,jpeg,176.0,9,238,62.0
1186,safari,jpeg,308.0,79,430,104.0
1187,opera,avif,93.6,undefined,260,107.0
1188,chrome,avif,382.4,12.2,142,284.3
1189,firefox,avif,121.0,9,147,64.0
1190,edge_chromium,avif,190.7,8.4,173,99.1
1191,brave,avif,243.0,7,162,156.0
1192,safari,avif,336.0,123,443,126.0
1193,opera,webp,119.1,undefined,251,95.5
1194,chrome,webp,254.8,8.7,156,147.2
1195,firefox,webp,193.0,7,170,145.0
1196,edge_chromium,webp,253.9,10.1,144,91.1
1197,brave,webp,137.0,9,208,33.0
1198,safari,webp,300.0,95,409,98.0
1199,opera,png,129.7,undefined,2092,107.1
1200,chrome,png,243.4,8.1,2011,148.8
1201,firefox,png,204.0,9,1896,153.0
1202,edge_chromium,png,194.9,9.1,2017,86.6
1203,brave,png,225.0,7,2215,140.0
1204,safari,png,275.0,9,2087,66.0
1205,opera,jpeg,87.4,undefined,315,99.7
1206,chrome,jpeg,414.5,18.0,206,291.3
1207,firefox,jpeg,108.0,8,224,48.0
1208,brave,jpeg,283.0,8,215,153.0
1209,safari,jpeg,329.0,111,495,113.0
1210,opera,avif,121.9,undefined,276,193.7
1211,chrome,avif,253.8,6.2,145,152.0
1212,firefox,avif,130.0,10,163,74.0
1213,edge_chromium,avif,202.1,9.3,188,116.6
1214,brave,avif,187.0,9,203,70.0
1215,safari,avif,293.0,96,399,98.0
1216,opera,webp,100.0,undefined,272,90.7
1217,chrome,webp,387.6,10.6,157,287.8
1218,firefox,webp,106.0,8,171,62.0
1219,edge_chromium,webp,288.7,8.4,154,210.4
1220,brave,webp,239.0,8,188,145.0
1221,safari,webp,285.0,9,413,58.0
1222,opera,png,156.0,undefined,2313,31.2
1223,chrome,png,244.6,8.1,2051,151.6
1224,firefox,png,223.0,9,2147,158.0
1225,edge_chromium,png,200.8,9.4,2235,92.9
1226,brave,png,214.0,8,2789,132.0
1227,safari,png,319.0,113,2632,116.0
1228,opera,jpeg,93.6,undefined,387,107.0
1229,chrome,jpeg,248.6,6.9,220,147.3
1230,firefox,jpeg,210.0,10,216,157.0
1231,edge_chromium,jpeg,213.6,8.9,189,84.6
1232,brave,jpeg,379.0,19,221,296.0
1233,safari,jpeg,301.0,52,478,62.0
1234,opera,avif,104.4,undefined,276,105.6
1235,chrome,avif,244.1,8.2,167,157.8
1236,firefox,avif,211.0,7,183,169.0
1237,edge_chromium,avif,287.6,9.5,174,232.0
1238,brave,avif,376.0,17,202,288.0
1239,safari,avif,293.0,73,424,93.0
1240,opera,webp,120.4,undefined,291,102.5
1241,chrome,webp,374.8,12.3,182,290.7
1242,firefox,webp,103.0,5,209,55.0
1243,edge_chromium,webp,182.2,8.6,196,101.4
1244,brave,webp,244.0,9,205,148.0
1245,safari,webp,297.0,8,436,59.0
1246,opera,png,118.2,undefined,2574,105.9
1247,chrome,png,208.8,8.5,2768,51.8
1248,firefox,png,197.0,8,2555,154.0
1249,edge_chromium,png,268.7,8.9,2285,208.9
1250,brave,png,226.0,7,2196,133.0
1251,safari,png,295.0,9,2465,59.0
1252,opera,jpeg,114.6,undefined,367,93.7
1253,chrome,jpeg,241.7,8.4,250,135.1
1254,firefox,jpeg,201.0,10,257,150.0
1255,edge_chromium,jpeg,215.4,10.7,307,95.8
1256,brave,jpeg,226.0,9,334,138.0
1257,safari,jpeg,292.0,99,517,102.0
1258,opera,avif,101.6,undefined,336,93.5
1259,chrome,avif,209.7,8.0,224,68.9
1260,firefox,avif,136.0,9,255,90.0
1261,edge_chromium,avif,303.7,8.1,202,232.6
1262,brave,avif,197.0,9,281,84.0
1263,safari,avif,288.0,50,482,56.0
1264,opera,webp,135.9,undefined,372,87.2
1265,chrome,webp,217.9,8.8,226,134.3
1266,firefox,webp,328.0,12,244,285.0
1267,edge_chromium,webp,189.3,13.4,231,92.7
1268,brave,webp,234.0,8,253,137.0
1269,safari,webp,256.0,8,422,56.0
1270,opera,png,136.1,undefined,1935,313.1
1271,chrome,png,223.0,7.9,1754,132.7
1272,firefox,png,206.0,7,1827,144.0
1273,edge_chromium,png,188.2,8.6,1873,99.8
1274,brave,png,230.0,8,1759,142.0
1275,safari,png,257.0,9,1968,57.0
1276,opera,jpeg,112.5,undefined,322,103.4
1277,chrome,jpeg,252.7,8.8,186,148.7
1278,firefox,jpeg,206.0,8,210,162.0
1279,edge_chromium,jpeg,201.0,8.3,227,99.0
1280,brave,jpeg,246.0,7,221,139.0
1281,safari,jpeg,301.0,99,454,102.0
1282,opera,avif,105.1,undefined,280,84.2
1283,chrome,avif,260.1,8.7,142,147.8
1284,firefox,avif,207.0,8,160,153.0
1285,edge_chromium,avif,202.7,7.9,152,89.8
1286,brave,avif,221.0,9,157,138.0
1287,safari,avif,292.0,13,417,58.0
1288,opera,webp,104.0,undefined,279,196.3
1289,chrome,webp,204.7,5.5,160,120.1
1290,firefox,webp,184.0,9,183,139.0
1291,edge_chromium,webp,223.5,8.7,136,84.2
1292,brave,webp,393.0,12,160,284.0
1293,safari,webp,292.0,80,389,90.0
1294,opera,png,125.9,undefined,1988,206.2
1295,chrome,png,246.8,9.4,2076,158.0
1296,firefox,png,223.0,8,1950,174.0
1297,edge_chromium,png,251.3,8.1,1852,131.1
1298,brave,png,186.0,7,1908,77.0
1299,safari,png,289.0,7,2025,57.0
1300,opera,jpeg,120.3,undefined,339,108.1
1301,chrome,jpeg,273.9,8.1,186,146.7
1302,firefox,jpeg,106.0,9,214,59.0
1303,edge_chromium,jpeg,219.6,8.3,193,98.2
1304,brave,jpeg,254.0,9,218,157.0
1305,safari,jpeg,340.0,127,481,130.0
1306,opera,avif,108.7,undefined,285,421.1
1307,chrome,avif,248.9,8.6,154,150.7
1308,firefox,avif,214.0,9,168,167.0
1309,edge_chromium,avif,214.8,8.2,185,109.4
1310,brave,avif,374.0,10,174,286.0
1311,safari,avif,340.0,125,453,135.0
1312,opera,webp,101.6,undefined,287,104.5
1313,chrome,webp,270.7,8.4,181,151.1
1314,firefox,webp,204.0,8,180,161.0
1315,edge_chromium,webp,198.1,9.1,198,95.9
1316,brave,webp,253.0,8,203,150.0
1317,safari,webp,358.0,10,854,64.0
1318,opera,png,132.3,undefined,2228,122.8
1319,chrome,png,463.7,20.7,3014,366.6
1320,firefox,png,124.0,9,2281,73.0
1321,edge_chromium,png,207.9,9.0,2935,117.5
1322,brave,png,225.0,7,2263,78.0
1323,safari,png,333.0,126,2513,132.0
1324,opera,jpeg,108.0,undefined,380,108.2
1325,chrome,jpeg,134.8,8.5,235,38.2
1326,firefox,jpeg,200.0,10,252,143.0
1327,edge_chromium,jpeg,160.6,9.0,224,79.9
1328,brave,jpeg,326.0,8,252,246.0
1329,safari,jpeg,291.0,94,478,102.0
1330,opera,avif,118.1,undefined,303,113.9
1331,chrome,avif,137.6,6.6,196,37.4
1332,firefox,avif,122.0,9,187,69.0
1333,edge_chromium,avif,185.4,7.8,207,104.7
1334,brave,avif,250.0,6,202,149.0
1335,safari,avif,321.0,112,467,117.0
1336,opera,webp,107.4,undefined,331,37.5
1337,chrome,webp,260.3,8.0,164,156.2
1338,firefox,webp,108.0,6,187,62.0
1339,edge_chromium,webp,205.2,8.2,194,120.9
1340,brave,webp,152.0,7,185,71.0
1341,safari,webp,289.0,28,420,56.0
1342,opera,png,145.9,undefined,1571,141.4
1343,chrome,png,224.9,8.4,1597,89.1
1344,firefox,png,263.0,8,1530,209.0
1345,edge_chromium,png,187.3,8.3,1606,51.9
1346,brave,png,217.0,8,1616,113.0
1347,opera,jpeg,130.7,undefined,279,108.1
1348,chrome,jpeg,391.1,11.2,169,279.7
1349,firefox,jpeg,120.0,8,195,73.0
1350,edge_chromium,jpeg,225.0,7.2,215,107.1
1351,brave,jpeg,259.0,8,188,156.0
1352,safari,jpeg,250.0,67,389,79.0
1353,opera,avif,69.6,undefined,222,278.3
1354,chrome,avif,152.1,8.1,143,68.9
1355,firefox,avif,248.0,9,156,199.0
1356,edge_chromium,avif,196.8,9.3,156,149.9
1357,brave,avif,182.0,9,160,101.0
1358,safari,avif,226.0,8,340,51.0
1359,opera,webp,60.7,undefined,238,207.5
1360,chrome,webp,168.9,8.0,164,68.0
1361,firefox,webp,110.0,6,159,64.0
1362,edge_chromium,webp,206.1,9.1,168,118.6
1363,brave,webp,209.0,8,210,61.0
1364,safari,webp,300.0,88,413,93.0
1365,opera,png,144.3,undefined,2115,227.4
1366,chrome,png,191.6,9.4,1967,60.0
1367,firefox,png,236.0,10,2163,175.0
1368,edge_chromium,png,209.9,8.7,2023,124.7
1369,brave,png,198.0,12,2092,73.0
1370,safari,png,348.0,132,2219,141.0
1371,opera,jpeg,106.7,undefined,348,150.1
1372,chrome,jpeg,204.2,7.4,245,89.4
1373,firefox,jpeg,159.0,8,214,93.0
1374,edge_chromium,jpeg,217.3,10.5,199,135.2
1375,brave,jpeg,252.0,9,246,146.0
1376,safari,jpeg,297.0,8,465,58.0
1377,opera,avif,117.5,undefined,267,93.0
1378,chrome,avif,236.6,8.8,157,145.2
1379,firefox,avif,75.0,9,152,32.0
1380,edge_chromium,avif,185.4,9.6,138,95.4
1381,brave,avif,217.0,9,161,142.0
1382,safari,avif,300.0,79,420,92.0
1383,opera,webp,99.5,undefined,293,112.6
1384,chrome,webp,352.0,9.9,165,257.3
1385,firefox,webp,346.0,25,176,293.0
1386,edge_chromium,webp,261.2,9.1,154,197.3
1387,brave,webp,268.0,10,185,147.0
1388,safari,webp,312.0,109,440,118.0
1389,opera,png,150.1,undefined,2971,96.4
1390,chrome,png,397.5,24.7,2787,304.2
1391,firefox,png,179.0,9,2986,128.0
1392,edge_chromium,png,191.1,7.3,3235,72.8
1393,brave,png,207.0,6,2662,125.0
1394,safari,png,297.0,75,3306,93.0
1395,opera,jpeg,122.6,undefined,462,101.9
1396,chrome,jpeg,250.7,7.8,314,151.4
1397,firefox,jpeg,112.0,9,334,56.0
1398,edge_chromium,jpeg,202.9,8.1,324,105.4
1399,brave,jpeg,242.0,10,342,158.0
1400,safari,jpeg,327.0,122,615,125.0
1401,opera,avif,126.6,undefined,460,99.0
1402,chrome,avif,382.2,13.4,307,280.5
1403,firefox,avif,111.0,9,317,65.0
1404,edge_chromium,avif,270.2,8.3,141,210.3
1405,brave,avif,245.0,9,325,159.0
1406,safari,avif,288.0,8,535,56.0
1407,opera,webp,121.5,undefined,442,84.0
1408,chrome,webp,457.1,8.0,324,346.6
1409,firefox,webp,214.0,9,351,158.0
1410,edge_chromium,webp,216.2,8.0,295,96.1
1411,brave,webp,256.0,7,339,140.0
1412,safari,webp,308.0,109,581,112.0
1413,opera,png,134.6,undefined,1606,143.7
1414,chrome,png,159.6,8.4,1417,66.7
1415,firefox,png,235.0,9,1431,185.0
1416,edge_chromium,png,196.8,8.4,1418,107.1
1417,brave,png,198.0,8,1463,76.0
1418,safari,png,322.0,112,1741,115.0
1419,opera,jpeg,110.8,undefined,296,92.1
1420,chrome,jpeg,389.4,12.8,186,286.2
1421,firefox,jpeg,332.0,12,179,284.0
1422,edge_chromium,jpeg,230.5,6.9,154,177.8
1423,brave,jpeg,223.0,11,226,124.0
1424,safari,jpeg,295.0,98,443,102.0
1425,opera,avif,122.1,undefined,288,198.6
1426,chrome,avif,240.3,9.1,156,147.3
1427,firefox,avif,199.0,8,164,147.0
1428,edge_chromium,avif,200.8,8.8,154,89.6
1429,brave,avif,247.0,9,159,137.0
1430,safari,avif,299.0,78,399,92.0
1431,opera,webp,115.5,undefined,283,101.2
1432,chrome,webp,420.1,23.0,176,300.1
1433,firefox,webp,107.0,8,167,62.0
1434,edge_chromium,webp,207.6,11.0,193,103.0
1435,brave,webp,260.0,9,184,162.0
1436,safari,webp,316.0,111,433,118.0
1437,opera,png,130.5,undefined,1988,104.1
1438,chrome,png,383.4,12.9,2348,285.2
1439,firefox,png,335.0,13,2067,287.0
1440,edge_chromium,png,289.7,9.4,2054,202.6
1441,brave,png,237.0,9,1920,146.0
1442,safari,png,264.0,7,2068,59.0
1443,opera,jpeg,108.5,undefined,324,239.0
1444,chrome,jpeg,300.2,8.4,188,186.9
1445,firefox,jpeg,255.0,9,195,199.0
1446,edge_chromium,jpeg,211.0,7.9,170,136.7
1447,brave,jpeg,188.0,8,221,80.0
1448,safari,jpeg,339.0,124,473,129.0
1449,opera,avif,127.1,undefined,269,108.7
1450,chrome,avif,405.9,22.6,160,297.2
1451,firefox,avif,340.0,20,138,288.0
1452,edge_chromium,avif,197.9,9.0,158,100.7
1453,brave,avif,247.0,9,173,141.0
1454,safari,avif,291.0,8,399,58.0
1455,opera,webp,108.5,undefined,277,96.0
1456,chrome,webp,262.0,8.6,137,152.2
1457,firefox,webp,222.0,10,159,169.0
1458,edge_chromium,webp,197.4,9.8,169,102.2
1459,brave,webp,208.0,8,180,69.0
1460,safari,webp,312.0,102,406,105.0
1461,opera,png,117.2,undefined,1868,104.3
1462,chrome,png,367.6,7.2,1678,254.8
1463,firefox,png,117.0,9,1775,69.0
1464,edge_chromium,png,186.6,8.2,1844,111.7
1465,brave,png,278.0,9,2155,160.0
1466,safari,png,310.0,100,1945,107.0
1467,opera,jpeg,100.2,undefined,373,107.9
1468,chrome,jpeg,261.3,9.0,235,150.3
1469,firefox,jpeg,201.0,10,255,162.0
1470,edge_chromium,jpeg,206.0,7.2,276,105.2
1471,brave,jpeg,408.0,24,273,298.0
1472,safari,jpeg,292.0,90,483,96.0
1473,opera,avif,118.4,undefined,318,160.1
1474,chrome,avif,217.6,8.6,210,106.6
1475,firefox,avif,156.0,9,223,105.0
1476,edge_chromium,avif,528.3,8.6,197,457.0
1477,brave,avif,283.0,9,210,198.0
1478,safari,avif,297.0,72,443,88.0
1479,opera,webp,109.4,undefined,341,203.0
1480,chrome,webp,471.5,9.9,206,367.8
1481,firefox,webp,235.0,9,211,182.0
1482,edge_chromium,webp,213.8,9.9,208,121.0
1483,brave,webp,211.0,9,249,65.0
1484,safari,webp,297.0,37,443,56.0
1485,opera,png,123.5,undefined,1805,97.8
1486,chrome,png,388.6,11.5,1740,285.1
1487,firefox,png,332.0,10,1713,274.0
1488,edge_chromium,png,218.3,8.7,1711,84.2
1489,brave,png,227.0,7,2052,142.0
1490,safari,png,295.0,91,2058,95.0
1491,opera,jpeg,138.4,undefined,314,205.7
1492,chrome,jpeg,214.3,8.8,167,145.4
1493,firefox,jpeg,212.0,9,200,163.0
1494,edge_chromium,jpeg,219.1,8.5,211,104.6
1495,brave,jpeg,200.0,5,205,53.0
1496,safari,jpeg,296.0,30,426,57.0
1497,opera,avif,135.4,undefined,266,33.0
1498,chrome,avif,146.0,8.1,186,32.5
1499,firefox,avif,199.0,7,161,155.0
1500,edge_chromium,avif,275.0,9.1,181,195.6
1501,brave,avif,229.0,10,154,131.0
1502,safari,avif,302.0,101,423,104.0
1503,opera,webp,132.4,undefined,277,113.9
1504,chrome,webp,195.2,7.9,162,60.1
1505,firefox,webp,131.0,9,150,79.0
1506,edge_chromium,webp,203.2,8.1,155,127.5
1507,brave,webp,221.0,8,218,80.0
1508,safari,webp,322.0,113,418,116.0
1509,opera,png,130.5,undefined,1807,355.7
1510,chrome,png,182.5,9.6,1848,96.8
1511,firefox,png,256.0,9,1837,211.0
1512,edge_chromium,png,175.3,6.7,1826,31.8
1513,brave,png,215.0,8,2445,103.0
1514,safari,png,316.0,60,3309,90.0
1515,opera,jpeg,121.4,undefined,316,99.8
1516,chrome,jpeg,364.8,8.5,179,235.4
1517,firefox,jpeg,103.0,10,212,58.0
1518,edge_chromium,jpeg,309.2,7.8,174,232.0
1519,brave,jpeg,274.0,9,196,166.0
1520,safari,jpeg,335.0,121,467,125.0
1521,opera,avif,137.6,undefined,258,42.8
1522,chrome,avif,315.1,8.3,142,183.3
1523,firefox,avif,452.0,12,143,398.0
1524,edge_chromium,avif,197.9,9.4,200,117.2
1525,brave,avif,208.0,8,219,62.0
1526,safari,avif,300.0,52,414,58.0
1527,opera,webp,125.1,undefined,282,95.3
1528,chrome,webp,233.2,8.3,153,135.2
1529,firefox,webp,193.0,9,171,137.0
1530,edge_chromium,webp,263.2,9.8,142,189.9
1531,brave,webp,212.0,9,167,136.0
1532,safari,webp,290.0,70,393,89.0
1533,opera,png,129.5,undefined,2151,44.1
1534,chrome,png,256.4,9.2,2335,184.8
1535,firefox,png,247.0,10,2057,199.0
1536,edge_chromium,png,183.3,9.4,2043,27.6
1537,brave,png,219.0,10,2124,76.0
1538,safari,png,343.0,115,2388,123.0
1539,opera,jpeg,115.5,undefined,352,106.7
1540,chrome,jpeg,461.1,8.6,300,261.7
1541,firefox,jpeg,112.0,8,190,62.0
1542,edge_chromium,jpeg,303.5,7.8,174,214.4
1543,brave,jpeg,166.0,8,198,22.0
1544,safari,jpeg,288.0,8,448,56.0
1545,opera,avif,113.2,undefined,295,289.1
1546,chrome,avif,274.2,6.8,149,184.9
1547,firefox,avif,205.0,7,641,32.0
1548,edge_chromium,avif,214.1,8.4,140,142.7
1549,brave,avif,199.0,9,191,82.0
1550,safari,avif,265.0,40,400,58.0
1551,opera,webp,112.7,undefined,287,110.3
1552,chrome,webp,393.2,13.6,159,280.5
1553,firefox,webp,115.0,7,168,58.0
1554,edge_chromium,webp,280.5,7.1,147,207.0
1555,brave,webp,296.0,9,183,195.0
1556,safari,webp,272.0,15,399,64.0
1557,opera,png,153.9,undefined,1899,68.8
1558,chrome,png,301.6,9.9,1954,226.3
